liquidez,dias_efectivo,cfo,participacion_ley30,hhi_fuentes,gastos_personal,tendencia_ingresos,label,cfo_negativo,liquidez_baja,dias_critico,liquidez_x_dias,cfo_x_hhi,gasto_x_hhi,cfo_sobre_gasto,hhi_sq
1.3112583208878787,127.1782999534554,3554020.0186650767,0.1766280901811409,0.4674121577385711,96111983.39358576,0.0303818595604875,0,0,0,0,166.7636040503429,1661192.16557032,44923909.54252963,0.03697790736573502,0.21847412520182685
2.866928627306774,98.81686411022106,-26706887.174202025,0.595640578151517,0.3862386122603535,55036103.11391811,0.0721562505126143,1,1,0,0,283.3008965782761,-10315231.039957624,21257068.09093745,-0.48526123150329126,0.1491802656008037
2.276383642890794,59.16733285010736,7603957.020119264,0.5692168526022315,0.4953699578002399,48945622.24177342,-0.0230866373844769,0,0,0,0,134.68754869345952,3766771.8681713175,24246190.824413784,0.15535520179023377,0.24539139509101146
1.9163779073319989,147.414128448716,12211714.905676464,0.5252468186457858,0.7625994019497747,51192964.464336455,0.1453260663321034,0,0,0,0,282.5011789877209,9312646.48385002,39039724.08453905,0.2385428355918663,0.5815578478541541
0.7212503291945787,124.82795519692888,11195808.958620796,0.1216962283148572,0.3681664378966982,28799445.160464734,-0.1338605799723249,1,0,1,0,90.03220377847107,4121921.1036673603,10602989.138129605,0.38875085600573184,0.1355465259935433
0.7211852049077472,33.45796438535598,21615614.51109244,0.2818770135671972,0.239009274508595,43183645.37783156,0.0692918623031611,1,0,1,0,24.129388901049058,5166332.3423536625,10321291.752391964,0.5005509452008623,0.05712543330112492
0.4568257528541385,164.41225728642243,16678443.09097808,0.2578675419465057,0.6696112162646246,43283193.0388459,-0.0605860820758893,1,0,1,0,75.10775321331825,11168072.563550157,28982911.534558136,0.385333010806515,0.4483791809473899
2.638675593592325,148.94401751155456,9183601.584568731,0.3160818444829114,0.7607825701664654,14711951.816872517,0.1719377906207296,0,0,0,0,393.0149438193269,6986724.016893025,11192596.515405474,0.6242272744556195,0.578790119069093
1.923010531706664,171.21498482608672,-1403314.2291729406,0.1525856480583031,0.1805099828188267,79081086.56661265,0.1992515353168118,0,1,0,0,329.24821900656144,-253312.2273974225,14274925.577433394,-0.01774525730613074,0.03258385389725311
2.2117959600493227,132.00091396796302,-33219218.67031983,0.6621746938186376,0.2918992902047558,47485398.87134911,-0.0766656587783348,1,1,0,0,291.9590882371588,-9696666.35102293,13860954.225636518,-0.6995670134375358,0.08520519562204025
0.3555781345986666,112.34765928876324,8592364.382651716,0.4322813444274257,0.2135775918087951,83996189.8134781,-0.054955713590858,1,0,1,0,39.948371116424994,1835136.492790418,17939703.941477098,0.10229469219653793,0.0456153877228443
2.918756600837385,78.1925313508583,4153753.743262223,0.2833145863948141,0.3783531292657333,86531320.10079059,0.0859587886979802,0,0,0,0,228.22496701650184,1571585.7269625154,32739395.739628967,0.048002893500572776,0.14315109042517268
2.5475951301611386,168.22748458695233,5431576.743907469,0.33818891024457,0.4602807831243302,29079464.922879227,-0.0387130649789514,0,0,0,0,428.5755204929778,2500050.3972856295,13384718.88753934,0.1867839301139959,0.2118583993135467
0.8733155988313457,156.56118066257147,-25534971.51640619,0.3683215243029014,0.6990610695706452,69161813.39531156,-0.0045411217932238,1,1,1,0,136.7273212440761,-17850504.49971487,48348331.245571874,-0.36920621746070625,0.48868637898925443
0.7909274114591717,12.913267268583146,-21621130.80816525,0.4603566000163703,0.6209180679053393,52505362.37466835,0.002538842054241,1,1,1,1,10.213457054220916,-13424950.767334573,32601528.160348773,-0.4117890026904479,0.38553924705129955
0.7951921766042713,9.6142205370191,21063057.066658072,0.4094076566178987,0.596742853982745,89214106.41293366,-0.1919673156197656,1,0,1,1,7.645152955185705,12569228.787558962,53237880.47637434,0.2360955897396568,0.3561020337794717
1.121454055990752,70.88108920365868,-791103.0771331008,0.6516351839286504,0.3818999572877235,29416661.12588087,-0.0013837746094237,0,1,0,0,79.48988498048533,-302122.23136731784,11234221.627521342,-0.026893027517561667,0.14584757737636506
1.7168423654070424,146.84683288682075,13630013.94745249,0.3981780897434981,0.773158042467808,71003188.02790397,-0.0689727774064173,0,0,0,0,252.112863925942,10538154.902421286,54896685.864627935,0.19196340792607716,0.5977733586326527
1.4662515503337126,177.77332263011527,566367.5226092235,0.6952948088939875,0.4770297339185316,64697691.00274503,-0.0493122822399772,0,0,0,0,260.6604099143818,270174.1486103758,30862722.32418284,0.008754060830164608,0.22755736704238505
1.0863186785347132,31.32295594311743,595122.7899149038,0.6108549746470574,0.8832839504121236,36577132.98146495,0.1443632003468814,0,0,0,0,34.02671210792837,525662.4088563205,32307994.51461794,0.016270350938015713,0.7801905370556468
1.9520028157504248,108.97287518662364,18765676.119519956,0.2251063086144014,0.6073137106365895,22294081.328605533,-0.1256506894279256,0,0,0,0,212.71535920470893,11396652.3967501,13539501.256909331,0.8417335454608628,0.3688299431271831
0.6766334237605129,71.65589991042876,-10320894.564347478,0.6583571287863497,0.2010117932516022,68647578.4429549,0.0813205186747977,1,1,1,0,48.484776889034045,-2074621.5243402002,13798972.845198395,-0.15034608355375545,0.04040574102622487
1.088790551045089,174.73501961755557,1922415.5388196677,0.1698198387312856,0.6409420496603472,76473771.23190975,-0.0278962930331808,0,0,0,0,190.24983829627277,1232156.9557499785,49015255.67863673,0.025138233774163774,0.41080671102280697
1.2891769768929675,152.37081154874903,-9245505.77410085,0.5904698250947149,0.3600832123453592,38406460.938701496,-0.0279760168495834,0,1,0,0,196.43294219914435,-3329151.418895801,13829521.829624195,-0.24072787619919234,0.12965991981295305
1.5313889573859971,151.7075233244491,-8689924.548646312,0.328373976085948,0.6490617573488779,68034934.36200824,0.0790371896051711,0,1,0,0,232.32322597143997,-5640297.69877353,44158874.05812063,-0.1277273893204327,0.4212811648528137
2.419975095761137,87.0213029641198,-6183442.469372788,0.6267845922670416,0.1557129185299246,45561781.685035296,0.034005129456889,0,1,0,0,210.58938597385472,-962841.8734679208,7094557.999600112,-0.13571555458736004,0.02424651299710694
0.8391192118275712,77.59341290909141,4442675.432674257,0.6208340140644701,0.2399051497407675,74188619.4954356,0.0570612997219531,1,0,1,0,65.11012348328808,1065820.7149253467,17798231.8691133,0.059883516675324974,0.057554480872140074
1.6884329837167515,52.84623758787359,-9574972.433269544,0.5835552400705727,0.7845898071246291,27929374.74046478,0.0968184660532861,0,1,0,0,89.22733060869776,-7512425.774642592,21913102.74073275,-0.3428280268443347,0.6155811654438628
1.8995193359275149,14.865711913912245,25115122.51147041,0.5740182617842368,0.2817436456188119,90119350.23725568,-0.0331308383183322,1,0,0,1,28.23770722280433,7076026.176544764,25390554.276642952,0.2786873456738232,0.07937948184657866
0.4254161143439938,156.3264158446343,-17892146.04439008,0.2828074834588244,0.769632900194352,35866863.68190218,-0.061223673450775,1,1,1,0,66.50377639794768,-13770384.25084484,27604318.31637785,-0.498848915340712,0.5923348010615694
1.940371100133884,147.25767659776358,-3737432.8832271807,0.1485515698307513,0.3234208707635283,43100738.898053765,-0.1085150526557798,0,1,0,0,285.7345399431622,-1208763.797513579,13939678.504960025,-0.08671389351508185,0.10460105964543889
0.7604151339556872,179.95059282507285,-8794621.165483499,0.3417881072590968,0.6143055280469661,15228275.68723148,-0.0825410529978955,1,1,1,0,136.83715414848308,-5402584.399035365,9354813.93728951,-0.5775191719741168,0.37737128178906193
0.4756393010602547,179.41144648793343,28939557.687074658,0.2041147089919052,0.6553204588078648,20036099.108914874,0.2949094425308725,1,0,1,0,85.33513500972995,18964684.221190438,13130065.660773948,1.4443708593055558,0.42944490373215044
2.8619909505839995,102.2005484804598,3931095.5302314926,0.5169706533414771,0.5101238025160424,56427571.244109534,0.1244679580736786,0,0,0,0,292.4970448957973,2005345.399935507,28785047.209790044,0.0696662188990078,0.2602262938934262
2.90720648930131,139.57279765658933,20636890.789372697,0.3076598359226713,0.344248541357385,34083340.90551743,-0.1351074366208021,0,0,0,0,405.7669430771752,7104219.5523932045,11733140.391310867,0.605483213825203,0.1185070582266872
2.482672839914445,170.3340027294249,-29711207.46073944,0.6853661205159489,0.2701155010968769,85193220.3167975,-0.132245795674357,1,1,0,0,422.88360229025614,-8025457.691450901,23012009.395928387,-0.348750843673429,0.0729623839328169
1.1224571767681009,153.688293368547,5341005.317385177,0.4845832464071992,0.1265514836499409,11322404.978945846,0.0481866061718491,0,0,0,0,172.5085278767669,675912.1470973176,1432867.1485710747,0.47172003892431363,0.01601527801400126
0.5637147078172364,48.28591780505959,17792615.912468743,0.5934883381806165,0.343157120992579,44118464.380474254,0.0547264797377967,1,0,1,0,27.21948204716626,6105662.851449523,15139565.21941719,0.40329182264882535,0.1177568096879155
2.147429171582824,83.84522367926637,1645679.7855084836,0.179514803645109,0.6225302324250264,40361099.20921834,0.0548883835317364,0,0,0,0,180.05167922674357,1024485.4193697638,25126004.47164424,0.04077390898047237,0.38754389028315733
1.4884117330969235,27.602897651511626,21309607.501307026,0.6172086893635735,0.8506438547587861,11739486.782584094,-0.0254955793553697,1,0,0,1,41.08447673198342,18126886.668308552,9986122.289627153,1.8152077595862635,0.7235949676388869
0.6295032340809028,171.95892977027643,-10345769.002007443,0.6536543143080366,0.7969635858104417,21193155.91004592,-0.01254542600029,1,1,1,0,108.24870241947986,-8245201.161806366,16890173.52870995,-0.4881655684467159,0.6351509571078372
1.6369776573004295,111.080561028904,28186948.8037116,0.3922371512913615,0.7128518212282421,47227840.742677175,0.0327879524159357,0,0,0,0,181.83639656471266,20093117.789593033,33666452.2860948,0.5968290813312712,0.5081577190284217
0.3928490070110896,45.012490963105975,45977962.47238501,0.4637517626505865,0.730757874602639,54357812.6002702,0.008589300629333,1,0,1,0,17.683112377951826,33598758.13487997,39722399.603822,0.8458390849994665,0.5340070712937662
2.7551650856127115,122.54761977102493,-7256771.208793181,0.5588858805417972,0.6319879227807962,46386077.25293822,-0.2219300372747535,0,1,0,0,337.6389233180699,-4586191.76234069,29315440.609033965,-0.15644287334802637,0.3994087345407856
0.9987059503200456,113.17244208013176,-8910050.428015435,0.2049031763562475,0.3082294860528024,57784391.05708844,-0.0229799630575193,1,1,1,0,113.0259913176783,-2746340.26413175,17810853.157400522,-0.15419476202860208,0.09500541607237473
2.088810167755752,67.67847565574709,29067689.542354017,0.4015396458780654,0.8257560245646639,63561850.74151134,-0.0851406434260313,0,0,0,0,141.36748808793467,24002819.759774107,52486581.18228294,0.45731345458401396,0.6818730121048379
1.1416199054414096,24.87257863493508,31591442.91461425,0.3391978166633879,0.6365858495246672,10893143.901505206,0.0175211418908512,1,0,0,1,28.395030869298612,20110665.52550974,6934421.264534139,2.9001216912455337,0.4052415438150423
1.7041836571800892,122.52530922873991,-10457200.543065364,0.1878243952973494,0.5483525047843519,51768564.35081535,0.298525900260341,1,1,0,0,208.80562957855534,-5734232.1108221775,28387421.930859506,-0.20199904467508503,0.3006904695032727
1.7761177542268551,96.05384765816385,-8403736.341917146,0.3205206533749188,0.1887915753707848,96714931.67988294,0.0367481665474304,0,1,0,0,170.60294418746645,-1586554.6229912543,18258964.313722923,-0.08689181903920172,0.035642258930982725
0.799107029918923,140.15571855373688,-5635692.177210145,0.1409033856312961,0.4576444350451404,56712905.21165939,-0.0313529686172397,1,1,1,0,111.99941997962917,-2579143.162527654,25954345.46535846,-0.0993723061122872,0.20943842892778575
2.917878494964308,96.02861269459883,-26889010.22068554,0.1154871441696921,0.468286616961541,70978804.07130578,0.0921801501977252,1,1,0,0,280.1998238828265,-12591763.629689131,33238424.03452784,-0.3788315479882228,0.219292355625285
2.3928586230750093,154.13176255574453,-18373038.929683965,0.1810997734928936,0.791650887618136,38067747.21251949,0.0482687887209212,1,1,0,0,368.81551712126316,-14545032.576926878,30136365.870413873,-0.48264056255058746,0.6267111278665826
2.8366471422233106,101.58369678553495,-20082815.33504136,0.6778690669535042,0.5373185761502308,79659224.03374863,0.0420094490451841,1,1,0,0,288.157103183167,-10790869.740912443,42802380.83504606,-0.2521091007179912,0.2887112522761114
2.716033846154652,103.1641450186926,-15355951.302082568,0.4297177215370101,0.4043204391763277,79562933.36885037,0.0606850593215671,1,1,0,0,280.19730958037593,-6208724.974428325,32168920.16185048,-0.19300383547817465,0.1634750175357385
1.91432994278993,158.41438046521037,-693697.7477356236,0.6794932966919319,0.8814402628085275,56916644.2888725,0.2056543564829541,0,1,0,0,303.25739189306836,-611453.1250737717,50168621.900163256,-0.01218795936413358,0.776936936899966
2.7890604345624155,75.60950158716948,4684294.650730415,0.3594987269980791,0.1885764746610525,97841244.09512922,-0.1130888435325915,0,0,0,0,210.87946935375854,883347.771508368,18450556.88791099,0.04787648290914987,0.03556108679559058
0.5389297555401826,28.452664978862128,31010009.856281538,0.2870896798511557,0.4380387426495556,21299519.328638803,0.0473632076811454,1,0,1,1,15.333987781524883,13583585.726995891,9330014.665756848,1.4559018622822277,0.19187794006200362
0.8291537285316921,10.03696835483432,-19967080.81477582,0.4036851177041465,0.1336197401371242,11525289.84006229,-0.0926381129981538,1,1,1,1,8.32218973456548,-2667996.149767303,1540006.233434161,-1.732458019872922,0.017854234954312598
0.4221136800584528,137.14901974288333,19686447.969531678,0.3637070131797461,0.6919232966135442,79314239.05813864,0.0555512646342248,1,0,1,0,57.892477440077876,13621511.977689372,54879369.75750202,0.2482082436055547,0.4787578483965547
1.1783918930608137,113.55417148685632,-4279776.884510179,0.1633988105570463,0.8344612417593206,82643998.36283943,-0.0918686511486094,0,1,0,0,133.8113151033489,-3571307.9335012003,68963213.49781024,-0.05178569489971053,0.6963255639985072
1.3494286821616015,128.21395941736412,-989274.193048659,0.4844957888141237,0.3240298636403915,20818650.62085186,-0.0417366813605084,0,1,0,0,173.01559429129472,-320554.3818765153,6745864.52185158,-0.047518650995459176,0.1049953525308107
1.032642385789519,42.268728264059376,13496389.843332076,0.2296229095057597,0.7866733414392967,33902454.966274545,-0.0295089914237906,0,0,0,0,43.64848039888715,10617250.09542143,26670157.531314474,0.3980947650179907,0.6188549461312682
2.537591274710209,28.865008227684708,-22454440.43124597,0.4717527729386978,0.3337745843695182,11579712.702996602,0.0975816719344709,1,1,0,1,73.24759302301112,-7494721.522189229,3865013.7945611207,-1.9391189580580184,0.11140547317104461
1.263233982072691,7.545316491879337,7648194.923681012,0.490120655438892,0.8286161293151322,36397774.97025082,0.0918454443942413,1,0,0,1,9.531500198035483,6337417.673908203,30159783.411532436,0.21012808969592647,0.6866046897611918
1.0585231761559282,66.35282279115447,3329044.164261122,0.1912149118771888,0.7031695228774272,79582768.65268044,-0.1245717376446384,0,0,0,0,70.23600072780428,2340882.3966213763,55960177.46276998,0.0418312182476325,0.4944473779036686
1.765279424527271,108.2355951995608,9849025.280162985,0.1368097762664009,0.7439254214731509,56616447.4941321,0.0054934110999848,0,0,0,0,191.06606920724735,7326940.282644967,42118414.56438474,0.17396049586445295,0.5534250327140052
0.6804954074318592,73.64270789245316,5783372.878156362,0.5684569516410639,0.1144052444803636,41328603.38514593,-0.0709579854749172,1,0,1,0,50.11352451166031,661648.1880465827,4728208.974309603,0.13993632507395556,0.013088559964611765
2.465931848035907,81.55811135415259,49106002.798217885,0.3758802542615921,0.8702482856592207,43456536.541569725,-0.1258504910675334,0,0,0,0,201.1167442538638,42734414.750726014,37817976.42598833,1.1300026809831931,0.7573320786928127
0.5012867379353813,163.22777153640598,-12754799.68502632,0.1348982773032854,0.6813367936562587,10121826.314392136,-0.021701705042437,1,1,1,0,81.82391713394662,-8690314.321123691,6896372.686993484,-1.260128289979683,0.4642198263897912
2.9645947288213965,65.94470672907755,-10619939.100036353,0.6969197903018602,0.3438008763089066,36982047.48087123,-0.0308482788455819,1,1,0,0,195.49932996269618,-3651144.368939719,12714460.331621122,-0.2871647143260378,0.1181990425507721
2.385060877100975,94.9481606029669,-12462810.528495288,0.13466833659782,0.7635157318870776,68181286.74741375,0.2426716486345522,1,1,0,0,226.45714320683646,-9515551.902034055,52057485.051954314,-0.18278931247902894,0.5829562728390597
0.8365323401422655,142.13927722970004,-11109542.383205092,0.5170211373151319,0.325216958731944,97677499.94347216,0.0432959825360696,1,1,1,0,118.90410220709121,-3613011.586769593,31766379.46815565,-0.1137369649062926,0.10576607024685497
0.3149097162337265,74.39498690622227,-12747742.546130354,0.6902073551580481,0.7982030716529024,86235474.42855096,-0.1377617500754237,1,1,1,0,23.42770421585025,-10175287.256961638,68833420.5743147,-0.1478248091125456,0.6371281435961285
2.501745856828052,113.86517253987786,23780330.62215104,0.2435080625295553,0.1900643123295496,12123546.81809762,-0.0564774004170942,0,0,0,0,284.86172363865074,4519792.186668468,2304253.5889768233,1.9614994670249937,0.03612444282130458
2.2085148283885663,155.9136490306804,28410084.959797096,0.1853496212123177,0.6629487819686366,90870454.42073554,0.1021383295429398,0,0,0,0,344.33760583242827,18834431.219722968,60242457.07516313,0.3126438086053442,0.4395010875136989
2.2683193537106656,171.16610914008737,-11414925.874989526,0.1728309636534573,0.5325587813159283,80487857.19687633,0.2088442772869925,1,1,0,0,388.25939806181225,-6079119.012796078,42864515.13949893,-0.14182171413842198,0.2836188555567067
2.3824299360520533,30.73785916258164,-16647111.462084576,0.2819650885405573,0.1772275761563526,80233851.12138824,-0.1585983312237958,1,1,0,0,73.2307958390864,-2950327.2144298847,14219650.95993329,-0.2074823933965061,0.031409613750255756
0.4999205596820439,167.15283440326152,9428311.127728082,0.160627486606388,0.2935150626070711,51219618.31032144,-0.1879924385139045,1,0,1,0,83.5631385273185,2767351.3309340533,15033729.475064283,0.1840761692249501,0.08615109197723288
1.2678574670695362,91.12035128891918,-11044460.885619424,0.5152968050164791,0.1099232290218518,45820476.365905255,0.1870965175371782,1,1,0,0,115.52761778365542,-1214042.8033528281,5036734.71745975,-0.2410376705257814,0.01208311627859048
0.6128464607178503,50.19276795231771,12658636.355110217,0.1373750788780376,0.4750143723716047,37262415.59498733,0.0389614177370903,1,0,1,0,30.76046019321025,6013034.203303058,17700182.956902802,0.3397159350241668,0.22563865395958954
2.6303792498641023,85.34875734169573,4058460.417025994,0.4056532768898738,0.3410122086080003,15912537.30589292,-0.0868292731876366,0,0,0,0,224.4996003132829,1383984.5503581802,5426369.491239743,0.2550479750028939,0.11628932641970631
1.9829049424344063,176.5057006749585,-30314882.29994464,0.698018112311786,0.5786859874382071,30541182.71443292,0.0534629086122435,1,1,0,0,349.99402623622314,-17542797.59781649,17673754.476632316,-0.9925903192222697,0.33487747205733276
1.193424667102153,91.20816644875218,30950104.026601236,0.5883821617036112,0.3377902461668938,32194327.148022216,-0.2635747739016877,0,0,0,0,108.85007568109982,10454643.258036602,10874929.692507936,0.9613527216860187,0.11410225040549071
0.4716075457722638,62.531531800313935,35917553.461910434,0.4691316629386065,0.3399352892055878,53566936.273918144,0.000337550659716,1,0,1,0,29.490342245726325,12209643.923631685,18209291.974131655,0.670517224995725,0.11555600084728662
1.139652268632288,115.845149505427,-12255773.809687724,0.283752172471967,0.6945545589852827,77269996.59370247,0.0327821172843085,1,1,0,0,132.02318744390647,-8512303.573411036,53668228.406933315,-0.15860973663724187,0.4824060354072406
1.1779949694722172,47.025483286183785,-7754031.198719683,0.4743375017749831,0.1385142687826827,52642884.5558152,0.0924270139537829,0,1,0,0,55.395782748124326,-1074043.9616087654,7291790.660859922,-0.14729495285347416,0.019186202656401266
2.269936681512773,18.276082419016184,5717307.8144981,0.4162248783469909,0.8223159961535899,15206000.450244457,-0.1013895952292537,1,0,0,1,41.485549877275524,4701433.670795709,12504137.407754706,0.3759902436676692,0.6762035975300708
2.021405172659076,27.553951334363614,6689135.7997405,0.3556500303342229,0.7818110995129451,96201082.08893836,0.0085687161403359,1,0,0,1,55.69769975447906,5229640.614386524,75211073.76228799,0.06953285404374518,0.6112285953216402
2.695474404956081,27.408021817610177,13170885.453456609,0.1784262260441196,0.6342437465811253,94845188.7184701,-0.0925424626059587,1,0,0,1,73.87762129984608,8353551.735791163,60154967.83799635,0.13886719644316253,0.4022651300772626
1.5749802979372631,31.582971364651517,40204090.77532699,0.63196252914428,0.5745772560859075,80667058.88335675,0.0255383755674317,0,0,0,0,49.7425576496429,23100356.161116127,46349457.34971945,0.4983953962355495,0.3301390232112105
0.6229044640334146,29.294755213646773,-3538944.549880988,0.3698707892927935,0.8138419985117218,99219511.14077984,-0.0895346322363024,1,1,1,1,18.247833795346722,-2880141.705097309,80749005.23816831,-0.03566782892993372,0.6623387985415534
2.2257609255020867,117.15308034056255,-15965944.890769076,0.216773507092459,0.2482641436229715,59003409.95202366,-0.040810083916022,1,1,0,0,260.7547485242308,-3963771.6354383416,14648431.042574268,-0.27059359626420176,0.06163508500884742
2.354119631265623,36.829014769850346,-27586384.560290545,0.3206556105263737,0.1631753297526629,96649151.52278854,-0.0995815394790229,1,1,0,0,86.69990666987628,-4501417.3973091785,15770757.170046102,-0.28542810904849025,0.02662618823989028
1.81544843343764,65.49177458167605,-14618600.79883838,0.3484778515173562,0.2916081359276304,16804453.65550757,0.0651136241823657,1,1,0,0,118.89693956735483,-4262902.928819429,4900315.405764816,-0.8699241938191317,0.08503530493918737
2.3816113858773145,161.93797173355208,-662539.4574759419,0.5965227373401245,0.7356626229601523,42911267.34352341,0.0858451116656665,0,1,0,0,385.67331728650635,-487405.51510134764,31568215.48848076,-0.015439755068803363,0.5411994948206111
1.6332481101838552,87.94328704600267,35891157.27035575,0.5401686283368412,0.1277362133811866,30284314.12060893,-0.0234620569957413,0,0,0,0,143.63320737124016,4584600.523583889,3868403.6106129847,1.1851401728108244,0.016316540208964034
1.711378639331384,121.82260424117976,-10352225.980723428,0.5615829361848038,0.5662454680667918,27624977.572084304,0.0038237994960028,1,1,0,0,208.4846026860759,-5861901.045987939,15642518.355639502,-0.37474151621337776,0.3206339301061801
1.454360749568084,35.15597746028522,4475759.03277797,0.1066187586571883,0.896350012953048,22672265.400340848,-0.1448591414633544,0,0,0,0,51.129473730939075,4011846.6670052544,20322285.38527046,0.19741119617939382,0.8034433457209292
0.368631642209057,38.65057829151738,-328457.9214550415,0.3496923989078568,0.7845568750700316,66017227.7409397,-0.0299676648006787,1,1,1,0,14.247826147931779,-257693.92044876525,51794269.89721825,-0.004975336479501285,0.6155294902196531
0.5913068528819221,12.1520078466338,23767865.46896168,0.3888064909811941,0.5171565512348716,80318967.01725745,-0.0050204617041744,1,0,1,1,7.185565515989455,12291707.336142616,41537479.981392264,0.2959184654834378,0.26745089848514636
0.3848588013541825,34.5636360376288,50538648.51747243,0.111515366093834,0.1509127274293139,62046855.94783246,0.2620793091029975,1,0,1,0,13.302119535884044,7626925.2883632155,9363660.259501142,0.814523923016569,0.022774651300154387
2.018308110412207,53.75330933059276,-10617375.458406411,0.2558879252470205,0.7650988115085678,23226643.86293887,-0.1111967025774163,1,1,0,0,108.49074018343153,-8123341.344566981,17770677.6148673,-0.45712051732742215,0.5853761913718231
1.148761148906082,35.97683474843069,-9788788.850364445,0.556173893873281,0.5791828065417685,83001139.29401238,0.1464177238752437,0,1,0,0,41.328790019611496,-5669498.19899885,48072832.80247035,-0.11793559622946763,0.3354527233935996
1.6731408661446976,20.52294340748473,20883217.54138144,0.1822658234373994,0.1919463976476534,67235923.64473556,0.0996858773465808,1,0,0,1,34.33777530863761,4008458.3783604526,12905693.336119672,0.3105961279230014,0.03684341956991108
2.750429479600451,26.111277442605143,13637829.792526228,0.421186078871555,0.1750858278586849,44934913.5514296,0.0280636404490136,1,0,0,1,71.81722722816745,2387790.7194202915,7867466.53891049,0.3035018589034838,0.030655047116961043
0.9730890187019624,85.63628440572701,36934146.51472067,0.2291211232103425,0.827701455549274,70671726.59824567,0.1758620484195133,1,0,1,0,83.33172795765107,30570446.829704445,58495090.97154828,0.522615595974947,0.6850896995183868
1.4080338921962003,41.10840072101369,11678563.706519278,0.1072724647863359,0.6353602103504628,33391448.131854955,0.0372105472606862,0,0,0,0,57.88202146916999,7420094.693165368,21215597.50896193,0.3497471466467517,0.40368259689658426
2.3399880740662318,68.7472256834132,-7185841.815741191,0.2447208745597248,0.7634294394534045,41067298.764478944,0.0389159195667928,0,1,0,0,160.86768822432666,-5485883.189392132,31351984.87563165,-0.17497722109632802,0.5828245090241394
0.9177550468273808,93.09802239959996,11813096.613846188,0.6855242529460323,0.8031831202258138,92573725.88187912,-0.0053120653017545,1,0,1,0,85.4411799068814,9488079.797837978,74353654.00473686,0.12760744478319141,0.6451031246156741
0.5078457565377411,125.81909501013892,22174071.61165816,0.5809222671297938,0.5574178816386578,36145405.51042783,0.1223568882418627,1,0,1,0,63.89669349231793,12360224.02507439,20148095.37059295,0.6134686082097215,0.3107146947705287
1.0823289228671735,11.879624472192312,16409643.62394728,0.67574598659262,0.5139570814040331,52298944.1342143,0.1096469233810883,1,0,0,1,12.85766115905442,8433852.543844244,26879412.687733356,0.3137662508412285,0.26415188152535185
0.7352974755858119,144.89681980908247,10145480.622145956,0.3927124263558175,0.4443419282567922,90112702.36564133,-0.0625677287496212,1,0,1,0,106.54226582603062,4508062.422736254,40040851.92957947,0.11258657609644922,0.19743974920696425
2.810183661324947,114.88256816090886,21333493.79178308,0.1658417192065021,0.3535572702328954,73694921.52407748,-0.1319247194598767,0,0,0,0,322.84111601683566,7542611.8295532465,26055375.284080278,0.28948390676843366,0.12500274333453662
2.481925024823926,19.307830591052586,23385911.80891345,0.4287756933842157,0.4476767686869695,15598290.354823248,-0.0202980637395657,1,0,0,1,47.92058791899434,10469329.431412814,6982992.223088395,1.499261218822109,0.2004144892220064
2.010190142578143,157.87625921868602,27643179.820750546,0.3726264007359765,0.7191037245841251,23257273.98510733,-0.0800038564397646,0,0,0,0,317.36130002851434,19878313.568450443,16724392.346364157,1.1885821114912998,0.5171101667107613
2.652943593506838,166.15267009306731,12974197.751792854,0.6066142496437695,0.5815387448121053,10705743.169472514,-0.0063524574615355,0,0,0,0,440.79366166745814,7544998.675521655,6225804.445055815,1.2118913695584301,0.33818731171763894
2.469914607627609,15.688642974601157,-3342361.606337087,0.1588495484705467,0.8140186319638769,66782961.12062471,0.1237438134684139,1,1,0,1,38.74960845682166,-2720744.622319102,54362574.64990771,-0.0500481193144468,0.6626263331843417
0.8037391589922969,53.45358842576065,2934273.7286664564,0.3929446822130669,0.4547040115033501,50290608.28693765,-0.045730165508679,1,0,1,0,42.96274220644124,1334226.0352735303,22867341.32901417,0.05834635588268669,0.20675573807723874
2.70990929592294,146.08522396378572,24130179.330167137,0.1900291988163905,0.5856716629750033,22084736.5812048,-0.0042823381311574,0,0,0,0,395.87770641644755,14132362.256184038,12934404.399879105,1.0926179373451574,0.34301129681190584
1.756224053172257,135.9454458171402,-16338713.41974472,0.294805556134036,0.605046042473591,96214070.89510934,0.0058022734808395,1,1,0,0,238.75066186328743,-9885673.893726695,58213942.82535942,-0.16981625730769526,0.3660807135129544
2.4800884189429686,37.29117838736603,7373466.177458024,0.5424142464326798,0.5733577298450604,57669375.15510579,0.0848430882205284,0,0,0,0,92.48541964724282,4227633.828596667,33065182.020514585,0.12785757011631518,0.32873908637308125
2.7194465097934315,41.6361315839243,-7866776.246547214,0.3856108776212599,0.662107018468413,31770396.470160022,-0.2246889333984605,0,1,0,0,113.22723271720301,-5208647.765559509,21035402.482417047,-0.24761341124389155,0.43838570390513143
1.1586093824240324,69.83261798849185,574896.4586963498,0.3255329710874616,0.289946774699845,55054321.40392368,-0.0606700294765296,0,0,0,0,80.90872640069992,166689.37398536925,15962822.924356313,0.010442349374873545,0.08406913215884267
0.5971401962247272,89.79152240842873,25569037.252145976,0.3366857671420211,0.5098910220366325,71165829.9461597,0.0211283692279472,1,0,1,0,53.61812731028613,13037422.536989441,36286817.76533256,0.3592881200358396,0.25998885435356167
0.9154249388632424,113.19458501780178,3821981.360398066,0.3756680610435919,0.1833798422466781,16861529.617620803,0.1200078956426861,1,0,1,0,103.6211460695713,700874.3389395416,3092064.6413169936,0.22666872146664446,0.03362816654241655
1.453191029290892,69.55988692471017,928730.9631229762,0.5710099263022341,0.40760906211585,34723343.354310274,-0.0491902447506205,0,0,0,0,101.08380367747763,378559.15683650644,14153549.418177044,0.026746588127945666,0.16614514751896287
2.508639867990732,85.94357532330088,-27197122.819598384,0.6352508133641406,0.4901336548970115,82626894.17955942,-0.1876552706041874,1,1,0,0,215.60147945369704,-13330225.21025267,40498221.637016065,-0.32915581651290626,0.24023099966270275
2.6239725747921274,135.80741417340738,14925071.320544414,0.6732008119023569,0.621779407636378,51369838.33623951,0.0619711445966136,0,0,0,0,356.3549302444566,9280102.0046188,31940707.651083503,0.2905415279458906,0.38660963176064506
0.3187707524342149,11.419560505854632,12909683.622821508,0.572142031753177,0.8604248420689629,59191942.78290654,-0.0635362388825629,1,0,1,1,3.6402218949193244,11107812.492326472,50930218.02073745,0.21809866370105982,0.7403309088493997
1.6790177169594276,49.17646526020364,43265094.4661092,0.2892441374488076,0.5805208532386847,48953440.19885223,-0.1189666659090361,0,0,0,0,82.56815642932172,25116289.55491801,28418492.873206627,0.8838008991883598,0.33700446104497056
1.4270097085017035,129.83617752979666,-6155564.699060016,0.5128808236519253,0.6948751329412478,13950994.83787046,-0.0624345389713224,0,1,0,0,185.27748584977056,-4277348.8385877805,9694199.392627899,-0.4412276522639462,0.48285145038011684
0.8996910882709717,161.6611965952599,4383006.55327878,0.3625618744332352,0.5050128475961623,24917480.183814038,-0.0184525357655849,1,0,1,0,145.44513789597687,2213474.620503957,12583647.622548873,0.17590087444419458,0.2550379762371846
0.6236364918009436,94.54355237024156,4987673.674215105,0.2528023732276307,0.607283225101065,50098747.48677018,-0.0604744664538212,1,0,1,0,58.96080932257623,3028930.554629028,30424128.94728967,0.09955685370242488,0.36879291548915083
1.2115609627897956,98.11985992143023,31549065.595269486,0.6045229476555535,0.1567457729070187,28826691.886713505,-0.2205566057099069,0,0,0,0,118.8781919552079,4945182.671224747,4518462.100135393,1.0944393383484543,0.024569237324218673
2.845856200563801,23.755101984460808,-1905910.647739042,0.123055809377395,0.3035132646734776,14498112.579371087,0.0897066196887132,1,1,0,1,67.60360427750325,-578469.162871219,4400369.480568532,-0.13145922528225523,0.09212030183275248
1.1726479164560393,83.29716419410457,5580430.515406785,0.641057195281254,0.389482474564111,85928469.76466414,0.1274875041278722,0,0,0,0,97.67824603891331,2173479.886273712,33467633.039448783,0.06494274284983942,0.15169659799258337
1.7007346787070885,98.20802162962906,12157930.194330784,0.3768864787748405,0.4779946840052108,98307327.62477042,0.0651521991339505,0,0,0,0,167.02578811272596,5811426.001396554,46990380.003398865,0.12367267515130133,0.22847891793724132
2.19815118901698,47.43233813607769,3732182.4631271614,0.4823208860849682,0.136518996401907,81382858.65970655,-0.1137685670424816,0,0,0,0,104.26345047167462,509513.80425491737,11110306.188541384,0.04585956458881434,0.0186374363785839
1.2817999264240938,52.11756541614167,-8928672.291010566,0.4956123533234696,0.2120192780426541,86840642.95342003,-0.0201491533947518,0,1,0,0,66.80429151581329,-1893050.6530195107,18411890.42374401,-0.10281674556232578,0.04495217426172827
2.9238116233465936,71.02472854330897,3881799.857966152,0.6370706444239218,0.3214514462330446,31777941.728534084,-0.0006521315229458,0,0,0,0,207.66292685996333,1247810.1783304468,10215065.326946698,0.12215391075755552,0.10333103228531597
2.8986076963437,8.512459611102114,21472634.99719544,0.4820018093003244,0.8772261527208406,96456427.79618798,0.059879438956191,1,0,0,1,24.67428094355549,18836356.987368636,84614101.06084554,0.22261486857637966,0.7695257230174075
0.9798121987284834,61.3638539770562,-20530305.98822121,0.4683601508560371,0.3650776056824406,27723313.400808554,0.066834048871808,1,1,1,0,60.12505268771302,-7495154.954107671,10121160.877951106,-0.7405430112701623,0.13328165817082357
1.6425709659094407,42.00340122439531,2659393.48293752,0.1399912243364139,0.4856328464896661,95628682.9325649,-0.0734173798778495,0,0,0,0,68.9935673206368,1291488.8270550151,46440429.49859924,0.027809579734700118,0.2358392615896556
1.112371436505278,62.312036631135065,-14002416.298783464,0.4110448131671225,0.2568781701907143,99533736.4569356,0.008199555641356,1,1,0,0,69.31412969894521,-3596915.0770801306,25568044.093302406,-0.14068010302056497,0.06598639432052958
1.0690693348191629,25.958373068368964,23900932.57849685,0.190101400490225,0.5886240568606146,74055052.51714438,0.0457280404615241,1,0,0,1,27.75130062918888,14068663.897106847,43590585.4436674,0.3227454679471543,0.346478280315048
0.3995947578572385,160.8422741294816,-30463738.09567549,0.5424602612328914,0.3245465724127794,98302935.86126398,0.1455822322146766,1,1,1,0,64.27172958397779,-9886901.781832092,31903880.891886517,-0.30989652372813464,0.10533047766488346
1.9458237017457216,108.87867937195853,-11178436.945431769,0.4073331524876047,0.2655940627507414,61258580.16103933,0.0704506539824723,1,1,0,0,211.85871493672988,-2968926.483540211,16269915.183312401,-0.18247953047630858,0.07054020616844475
1.657233362717926,123.84290585028567,7544237.501290417,0.508136667525012,0.5132581027567833,33358760.48584813,0.0789056687375518,0,0,0,0,205.23659531102845,3872141.026658895,17121654.11728436,0.22615461100513395,0.26343388004549273
0.4389926283749712,143.1049667562842,31310480.58468681,0.1250037403614305,0.1044046393283366,49329629.70990588,0.008382662792936,1,0,1,0,62.82202548985408,3268959.432641112,5150242.198063121,0.6347195543290153,0.01090032871328005
1.052345453438851,92.22738481258504,-1315005.221459756,0.1508752096274819,0.1061312261193802,63420484.18409073,0.1410459145203504,0,1,0,0,97.0550690900792,-139563.11650691097,6730893.747542309,-0.020734708010785415,0.01126383715760301
2.752317892109965,20.211050415299148,-11103990.533863967,0.5297940328376094,0.2752550472814862,16577340.58243135,0.0409762795959497,1,1,0,1,55.627235676364386,-3056429.4394119014,4562996.665818441,-0.6698294264178879,0.0757653410539332
0.9468171048008256,98.99364481824584,37623141.388811804,0.143250601599204,0.1293770900006569,66010893.81555215,-0.086108791017357,1,0,1,0,93.72887618049278,4867572.549567744,8540297.350198496,0.5699535215193193,0.016738431417038072
0.6912161546463024,107.69719565365384,-28960278.00832488,0.1427540366591551,0.1864206033045531,98306005.3086065,0.1403369970125191,1,1,1,0,74.44204144590907,-5398792.498179506,18326264.818091024,-0.29459317279154523,0.034752641336433555
1.6215224527494203,135.45190798225775,-43976119.13240164,0.1072650851409324,0.3710885194710013,27109688.480535485,0.0697903272539027,1,1,0,0,219.63831006097936,-16319032.940923298,10060094.161561972,-1.6221550890920824,0.13770668928317972
2.9612562260986217,80.54042059019389,8800289.001066647,0.673900838979688,0.7420685436638503,81333560.4659545,-0.0443044021128482,0,0,0,0,238.5008219253133,6530417.6428425275,60355076.765966564,0.10819997244249956,0.5506657234953878
0.9535492330810512,27.326552989223657,-10041084.487052225,0.5425050156754042,0.5576389146954407,91710891.44016574,-0.0479492967399243,1,1,1,1,26.057213645622927,-5599299.455725028,51141561.968445405,-0.10948628161141859,0.310961159182709
2.114765977995872,54.66078351477678,-20424656.342614263,0.3119508451012385,0.5101341807651332,94933143.35381988,0.0296575545140761,1,1,0,0,115.59476530764756,-10419315.330748908,48428641.31225985,-0.2151477937108929,0.26023688238491355
2.356372961387537,68.53940186976115,14167128.945987066,0.2779213487725931,0.3347910585664973,96412204.39649025,0.0463184795267584,0,0,0,0,161.50439335557957,4743028.096675076,32277943.968630478,0.14694331526458493,0.11208505289607584
0.9416213687794792,118.03551723303022,4876014.275423977,0.3098219378475097,0.8454029755462531,56931367.48493248,0.0197292265631206,1,0,1,0,111.14476530155973,4122196.977249437,48129947.473679125,0.0856472361517483,0.7147061910624586
2.2661841412520207,104.88620331705958,-11281572.614734568,0.564792118708709,0.4176120329897533,97957711.71923532,0.0311308673442884,1,1,0,0,237.69145059325552,-4711320.47496083,40908319.138094045,-0.11516778430951526,0.1743998100978348
1.2930144583419838,67.31692703212309,-25606087.97341789,0.4968223666422486,0.1696742134366172,78157918.6420995,0.169995737457638,1,1,0,0,87.04175994368748,-4344692.836078504,13261383.369441353,-0.3276198805993441,0.02878933870533473
2.0072257426026647,177.64016853877143,17449146.565602895,0.2111173407204807,0.593653212894241,24550429.26132657,0.1071543152234885,0,0,0,0,356.563919211298,10358741.92093267,14574441.208919305,0.7107471066947869,0.35242413717965504
2.010530219054416,111.01059338745524,13004023.55917322,0.2044656012004506,0.1910707147812811,52921009.5821173,0.0190635591265024,0,0,0,0,223.19015264064112,2484688.076483846,10111655.127802178,0.24572516023139987,0.03650801804702967
1.746591647001848,46.51468855379903,-1983517.2755876584,0.1590373898280384,0.3761785142413537,74649805.78348036,0.0941310580767483,0,1,0,0,81.24216649095787,-746156.581702623,28081653.028035253,-0.026570963645113743,0.14151027457683232
0.5437823791469024,22.81193270857065,36932739.92095332,0.4961816318208029,0.5059295509742471,32260628.4237175,-0.1032523903527539,1,0,1,1,12.404727041205591,18685364.52445656,16321605.252558427,1.1448239456427005,0.25596471054900327
2.5553167380909425,31.750349357258106,-21401695.32652305,0.5586235973330416,0.7993780197481407,67655366.51939985,0.0397927049946809,1,1,0,0,81.13219915283663,-17108044.829369035,54082212.913612515,-0.31633403863662785,0.6390052184564589
1.1661061754236868,48.04260246728892,-30510503.418494776,0.2590278569950024,0.4948372642720949,69994043.11419573,0.180930634973311,1,1,0,0,56.02277542053086,-15097734.043172354,34635660.809971675,-0.43590142905042206,0.24486391811229108
0.8035999780796064,33.11924032042224,-13838161.39762489,0.1125669766185477,0.6618070128253314,24642976.94277093,-0.0218045895392373,1,1,1,0,26.61462079550453,-9158192.257556941,16308894.957618745,-0.5615458485296495,0.43798852222478835
0.4100928821978625,37.64922920897851,-911720.327109956,0.1493030004858564,0.8942534711992564,60857678.12074807,-0.0847633928619084,1,1,1,0,15.439680918837949,-815309.0672809996,54422189.908606,-0.014981188163324378,0.7996892707519192
1.8954109466082527,54.89165452142324,4866788.986453837,0.6807160209070182,0.2051912959183853,79446421.98807469,-0.065208888859306,0,0,0,0,104.04224285734401,998622.7390917877,16301714.283811947,0.06125875608576012,0.04210346792066637
2.1294237769741624,35.34037917658209,-4824721.157126597,0.2772668664864521,0.3197852204156156,54900609.80823477,-0.1089633037342388,0,1,0,0,75.25464370589647,-1542874.5186756128,17556403.60847806,-0.08788101214137911,0.10226258719626384
0.3447871381052116,161.9339493096244,7041107.930285936,0.5615338887028801,0.4156608604781171,11089280.509849668,-0.0784761908127703,1,0,1,0,55.83274294453981,2926712.9810219468,4609379.878807326,0.634947228905601,0.17277395093340875
1.6826512574080588,19.040905490787388,-25030788.483808883,0.4747981413125582,0.4374625428310651,10813462.217136296,-0.0370508098590029,1,1,0,1,32.039203566261406,-10950032.379193574,4730484.678316091,-2.3147802231316925,0.19137347638022148
0.9115385930344324,96.78949317479456,28875292.08146519,0.3291637837917375,0.4288168602124366,42132640.957301095,-0.1405567019178642,1,0,1,0,88.22735842906803,12382212.088090936,18067186.807767764,0.6853425616193527,0.18388389960245238
2.041966534105515,76.81944472319077,-1643023.567851376,0.223412357317333,0.8260888020452439,93357466.1588604,0.0015618333949603,0,1,0,0,156.86273529332405,-1357283.3708984458,77121557.38115239,-0.01759927336776202,0.6824227088645463
0.7707893583134768,176.91625795900612,22345916.631762557,0.1728318508956438,0.6712261155734851,30580910.16432479,0.0902277173786647,1,0,1,0,136.36516894744386,14999162.819666917,20526705.54030144,0.7307145703541209,0.45054449822786957
2.165531892876658,24.60680787940916,6854506.927554083,0.4690077808233199,0.586324171272563,67092731.99845184,-0.090775618014692,1,0,0,1,53.28682724474918,4018963.0937801898,39338090.48740444,0.10216467154314496,0.3437760338184578
1.344185435011451,74.62472983300479,9135064.38307568,0.5647802683826728,0.3474981742902256,29986828.36239885,0.1519283923641768,0,0,0,0,100.30947493318956,3174418.195142465,10420368.108687958,0.3046358978907666,0.12075498113504002
2.829170969589183,174.65732582318955,11395345.60464408,0.4863425521246783,0.7590323073770358,38950299.06935938,0.0510792088527594,0,0,0,0,494.1354358450471,8649435.467651758,29564535.375641458,0.29256118378840223,0.5761300436421068
0.6713065491941819,156.46374703144656,8954171.200346299,0.4181812799494949,0.8640484091879912,86323788.06413355,0.1030580585624057,1,0,1,0,105.0351380936718,7736837.3812561445,74587931.7518959,0.10372773717592039,0.7465796534202983
1.220879147835698,147.987612416124,12854455.197350878,0.1251707340589817,0.7569586260401813,75597529.80429521,-0.0657834553852137,0,0,0,0,180.674990136837,9730290.744681789,57224202.292690955,0.17003803207099671,0.572986361536639
0.6063785073495904,50.13299473286447,26583050.602648627,0.6810932665566303,0.1012520841531783,18585934.95818896,0.0854525227066615,1,0,1,0,30.399570515079233,2691589.276667576,1881864.6504520467,1.430277823658053,0.0102519845453623
2.7966727693521194,34.90532779326152,3930423.394029402,0.5792285149927447,0.6091210961467256,48583181.88877903,-0.1091933900395313,0,0,0,0,97.6187797447242,2394103.8060919233,29593041.00638883,0.08090090523562823,0.37102850977098856
2.668816254128649,122.01256348677542,14180075.151770243,0.2756932220205788,0.1409083051536805,12625278.728073802,0.0890247500836508,0,0,0,0,325.62911264140996,1998090.3565877636,1779006.6276656943,1.12314947314701,0.019855150461282743
0.9964423948309202,167.64079809732752,-1794713.8857445344,0.6879821976153103,0.3060857762669775,53280113.19427081,0.0171839339793531,1,1,1,0,167.0443983274678,-549336.3928952394,16308284.806660812,-0.033684498364345054,0.09368850243295822
2.0819569242922835,102.43350627743771,28802344.308989458,0.4611289537817933,0.1476197602782173,69619061.05309613,0.0553251219984783,0,0,0,0,213.26214767384855,4251795.1623437,10277149.103452625,0.41371348411353714,0.021791593624598343
2.506499940543282,105.03222065723249,-13527846.041185394,0.4494535949243479,0.5830363623595102,20665236.12383364,-0.1175594605624851,1,1,0,0,263.2632548324821,-7887226.146412233,12048584.09694031,-0.6546185081129294,0.33993139983341003
1.7990421913185484,53.99634139054973,36018808.65821631,0.5488439076577193,0.6492719307940854,35999644.501824915,-0.0895069842276604,0,0,0,0,97.14169633843902,23386001.442422826,23373558.693600543,1.0005323429343984,0.42155404011707964
1.7300565615612176,139.66126330858896,-803159.0128868682,0.5870618728540825,0.1915901104527241,45805296.29519413,0.0597228218253384,0,1,0,0,241.62188498295325,-153877.32399009593,8775841.776515996,-0.017534195340881034,0.036706770423287016
0.9530011854312196,37.73265599756659,-28615502.04236096,0.4938871643989015,0.4070711064359836,92757792.21904448,-0.09483480042242,1,1,1,0,35.95926589514938,-11648544.077605026,37759017.109165505,-0.3084970152673146,0.16570688569501588
0.5513774730759279,61.64386637074264,2562088.298215785,0.17685744781972,0.4649892071644336,99392951.38806675,0.0463206292099123,1,0,1,0,33.98903927013025,1191343.4064726308,46216649.66367025,0.02577736411320001,0.21621496277940855
2.7224825464739824,79.45137675787294,-13621033.149497615,0.302960503596699,0.3952424174087333,14042016.909605429,-0.1367137806460245,1,1,0,0,216.30498651663768,-5383610.069611929,5550000.708646759,-0.9700197085064155,0.15621656851909935
2.7311287543409923,93.83181626977962,16812870.979774483,0.6568501841956298,0.1968200003881544,78490713.11458528,0.0848174212666668,0,0,0,0,256.2667714864361,3309109.2727652034,15448542.18567919,0.2142020413960322,0.038738112552793094
2.009373934637824,47.42170317263904,-13052479.58604782,0.2347693671063111,0.4351582321499804,43455165.97621089,-0.1232523314768509,1,1,0,0,95.2879342912327,-5679893.9418382775,18909873.20399191,-0.3003665799641238,0.18936268700789624
1.215380435831492,25.09644432936062,-8923668.664295595,0.323300214302508,0.7009424382467345,45321236.760653205,0.0552299937679523,1,1,0,1,30.501727446839084,-6254978.071657335,31767578.199369796,-0.19689817185313238,0.49132030173527724
1.2428658514541844,111.8585074272857,-37790814.61891062,0.3592461297665176,0.1568061316266044,77883847.60123204,0.0625630933646,1,1,0,0,139.02511907600766,-5925831.451409504,12212664.858545188,-0.4852201808570229,0.02458816291569998
2.2600803329496464,55.51034681704476,-9046126.384981534,0.3636429938166713,0.1641440112655227,92658378.89308678,-0.0696771818429575,0,1,0,0,125.45784311641687,-1484867.471245751,15209317.988871906,-0.09762880047166964,0.02694325643433604
2.7221977018719583,106.71668874895715,-48477586.53257913,0.4677637494967153,0.3838170334687873,95583573.50522935,0.0582026567084726,1,1,0,0,290.5039248637962,-18606523.45266096,36686603.63112291,-0.5071748706897523,0.1473155151807802
2.6951333455158166,32.01347517298541,-31678056.469714463,0.6658455026468245,0.8533805692951401,61941032.74344887,0.0260442263333555,1,1,0,0,86.2805844445557,-27033437.864288524,52859273.785333306,-0.5114228011166776,0.7282583960504974
2.4056639738155843,89.19951782459306,15208293.122885948,0.2444156270995029,0.6348581173783312,42140904.33704525,-0.0538841856192738,0,0,0,0,214.58406651234458,9655108.340533195,26753495.1920369,0.360891474972848,0.40304482920115897
2.033485444616577,98.20315069652752,15716003.173016643,0.1729008257805508,0.6429359653380519,80879417.72729014,-0.1008554684076208,0,0,0,0,199.69467755687697,10104383.671299342,52000286.51247483,0.19431399995989074,0.4133666555251726
0.5271779054866319,14.069118943924709,8509151.235699294,0.2184822939159623,0.389535992670292,32590124.493607026,-0.1962625691672579,1,0,1,1,7.416928656900523,3314620.6733797663,12695026.49586561,0.26109600278969397,0.15173828958562977
0.7363975280554572,63.9057486839361,-19339522.86258426,0.6321549401255616,0.5749286329668307,60766662.5950166,0.0349650047299693,1,1,1,0,47.06003535938383,-11118845.441616338,34936494.25570954,-0.3182587628923078,0.33054293300510873
2.726096309023114,28.522568464320493,-954227.122839597,0.4874864875931236,0.1081049472221947,42272061.53723858,-0.1564802771362055,1,1,0,1,77.75526861444315,-103156.67275256134,4569818.981456543,-0.022573470233974584,0.011686679613913502
1.937358461080893,16.090619832734355,-72050.78181136808,0.2715440735434961,0.6088768371276337,69096796.63370885,0.0095344199441308,1,1,0,1,31.173298476983923,-43870.05214187904,42071438.989983976,-0.0010427514055871316,0.37073100279055105
0.3248320393649,178.2430406682404,-23167293.783850856,0.5895681633811704,0.8306295580609894,31635902.16041562,-0.0263448216082249,1,1,1,0,57.89905040286534,-19243438.997149143,26277715.430366725,-0.7323101982796907,0.6899454627245946
0.5739731657382867,61.41192287057652,30067966.035343014,0.6168219978180616,0.5900587746758553,27243365.11613432,0.0679142775438195,1,0,1,0,35.248795784100295,17741867.195809733,16075186.638473157,1.1036803238941977,0.3481693575719718
2.0914547765917506,146.7280280245611,17547245.811513428,0.6079086032141667,0.798958874773076,92641517.80078934,-0.0302045499489864,0,0,0,0,306.87503507185653,14019527.768933339,74016762.81938854,0.1894101718977225,0.6383352835786598
0.3136662763847904,49.56211458365868,-4419283.476593278,0.6513559201837327,0.679178444372875,19162331.46545832,-0.0329447786347091,1,1,1,0,15.545963931212535,-3001482.0768753737,13014642.475267375,-0.2306234752571419,0.4612833593007585
0.7341817388272465,124.26297638918764,537716.7798906156,0.2513446121040169,0.1964467331229522,55536211.69614385,0.0731870704288295,1,0,1,0,91.23160807726286,105632.70475490499,10909907.357732147,0.009682273303635363,0.038591318954680404
1.7815812312897827,138.03987548069514,4167656.1589510497,0.5530251572477669,0.8219626458286734,29876750.466670804,0.0335058029084117,0,0,0,0,245.92925132598515,3425657.683315571,24557572.862347785,0.13949496159564959,0.6756225911376732
2.168117033770272,109.23677960637276,-40834697.368485816,0.376323698364484,0.1531550754846199,13503696.69931007,0.0316155957182778,1,1,0,0,236.83812257878586,-6254041.157862055,2068159.6873042465,-3.0239643467830657,0.02345647714669962
2.0602954006570213,87.52583299627771,-4943547.650411938,0.6051991317340368,0.5271739780382111,13241693.646228377,0.0469267589808526,0,1,0,0,180.32907116090553,-2606109.680489113,6980676.315445517,-0.37333197568877496,0.27791240312063226
0.9055271355435116,77.072159975772,-13639684.959955972,0.5370944062969679,0.2137096990347661,25769959.48952446,-0.1535572123207106,1,1,1,0,69.7909322530121,-2914932.9677212164,5507290.286644387,-0.5292862398755624,0.04567183546153031
2.2228838976383467,66.05194664502417,-20032400.19789831,0.5658684678998348,0.1093652885847232,88009331.90554002,0.0756788679986982,1,1,0,0,146.82580860489145,-2190849.228687815,9625165.981998071,-0.22761677385983325,0.011960766347219787
0.9405725362413602,167.66760024336952,-5622005.857719098,0.4936971026086428,0.4376274081021112,35423086.9579324,0.0612468794013602,1,1,1,0,157.70354000640856,-2460343.8518484957,15502113.732375653,-0.15871021812400643,0.19151774832217178
1.178579185030023,150.3583963628526,35953730.53699045,0.2064572616818241,0.336032566123325,95541325.3517766,-0.1016683128576497,0,0,0,0,177.20927624775197,12081624.334051453,32104996.728780977,0.376316011993881,0.11291788549542678
2.315526793818665,173.8797093666397,12816857.225340197,0.4270161513381629,0.4888003950380825,62346006.36902742,-0.0244080473674201,0,0,0,0,402.62312593985655,6264884.87489299,30474752.54222741,0.2055762344981157,0.2389258261893855
2.0540088274274795,26.75201410997033,-11423579.795655936,0.6908018437147049,0.5617599093876406,49295277.07918895,-0.0039307287627631,1,1,0,1,54.94887313334354,-6417309.150890161,27692110.385243822,-0.23173781490881695,0.31557419579521023
2.59290320833428,132.90180816063776,11451655.627123171,0.6624328398982713,0.1349912578471579,62207995.12025091,-0.0134496784401732,0,0,0,0,344.6015247731446,1545873.3975378408,8397535.509432532,0.18408655680008004,0.01822263969515787
2.075554809210927,169.20957994368163,27987108.73172004,0.125904241478207,0.1984026360989965,56502854.6703641,0.0333859966568534,0,0,0,0,351.20375741666925,5552716.149162499,11210315.313718732,0.49532203098402666,0.03936360601103083
1.8344332290057732,36.71578657899053,18492673.658255376,0.1988888894376622,0.5469139171603403,78289862.83815926,0.1431366781831183,0,0,0,0,67.35265892958444,10113900.589204289,42817815.558763444,0.23620776672560298,0.2991148327836676
0.5529218731358496,16.636846789186063,1192607.3984034825,0.1790372640727371,0.3745338825381266,35424645.9375567,0.1081766727672828,1,0,1,1,9.198876489750903,446671.87926775066,13267730.180531584,0.0336660358019019,0.1402756291690832
1.2928326682604705,134.69611362576035,-12938735.554111475,0.5355879459911773,0.6833387900395584,41774535.24402721,-0.1312219193431406,1,1,0,0,174.13953598310727,-8841539.89818835,28546160.368118446,-0.3097278157262423,0.46695190197272773
1.0160463927406589,105.5327948064846,13964466.2722718,0.590671197914167,0.6218333188735518,90468487.22799256,0.0622069990306048,0,0,0,0,107.22621547896883,8683570.408384549,56256319.66645215,0.15435724305944784,0.3866766764612963
0.9587720371235258,152.3200359326976,7869707.708434992,0.2281068197864031,0.7764834903919254,95181086.18353648,0.1328933319535409,1,0,1,0,146.04019114592114,6110698.109809843,73906542.01908708,0.08268142363137077,0.6029266108512273
2.9271284978316032,29.46016590960066,17903864.400554646,0.4035116157710974,0.6539942613353802,90330240.4737827,0.0386808520689202,1,0,0,1,86.23369118483919,11709024.573689545,59075458.89489878,0.19820454707801904,0.4277084938596096
1.3613638566002533,144.17177957548077,12703436.03363939,0.6044218168067199,0.4439448619121185,47750319.45615822,0.1090980425185967,0,0,0,0,196.2702498557981,5639625.15576347,21198508.97722371,0.2660387653595282,0.19708704041817
2.708525698978206,40.284781008355296,20991054.3063867,0.5396809268597503,0.6383732979155459,80232895.27061935,0.2012270445700765,0,0,0,0,109.11236463883948,13400128.5642924,51218537.955217876,0.2616265340492263,0.4075204674915703
2.00407429019261,33.639790001498284,-10704704.23121136,0.425342323295109,0.3203049394043348,52870215.99709889,0.1023709546106981,1,1,0,0,67.41663826948114,-3428769.6401194814,16934591.331244852,-0.2024713542270898,0.10259525420681459
2.4459905195624505,33.74651463792377,26347881.312686518,0.4542086142752637,0.3450507990225702,54778586.6931492,0.0249308595641728,0,0,0,0,82.54365487263699,9091357.49949433,18901395.107798263,0.48098870203202365,0.11906005390611413
1.6571201513840188,147.55057604049188,3951992.093847993,0.4050163281497679,0.7311881279366347,28421209.815155555,0.1045088474084753,0,0,0,0,244.50903290501907,2889649.700721095,20781251.198437896,0.1390508046473307,0.5346360784354804
1.8576404884911697,121.40951362183502,41505217.45250531,0.2785290707912923,0.4571356131212657,63201727.29326648,0.0144887833096891,0,0,0,0,225.53522819194092,18973513.027882475,28891760.356530406,0.6567101759721571,0.2089729687837555
1.6297977733109326,96.53644933459589,-13783756.361791356,0.4390131957154096,0.7387042724146821,26752230.79780132,0.0023903043284955,1,1,0,0,157.33489016886804,-10182119.714378329,19761987.18695947,-0.5152376437677937,0.5456840020837048
0.8271560670547202,67.79533472161293,34719276.06330499,0.5133311812300544,0.7579378989346227,39840822.91604744,-0.0351414235713732,1,0,1,0,56.07732243298767,26315055.151952524,30196869.612815365,0.8714497724222572,0.5744698586414303
2.2506207112060643,158.51009464229395,3958215.669252956,0.6239937495164846,0.786049870129027,86952718.14579417,0.1563413358832108,0,0,0,0,356.7461019371802,3111354.912758966,68349172.8058674,0.04552147136580815,0.6178743983298602
1.0580853785903106,73.6778937989612,-13028360.072288968,0.4817748123875488,0.8333081886729659,28636822.82897697,-0.0818428665942001,1,1,0,0,77.95750215401056,-10856639.13321831,23863298.960963435,-0.45495131041931985,0.6944025373094193
0.3656531093649253,147.90490190752598,-9677716.68108643,0.5566729222258948,0.444788176410637,16404245.665608954,0.1532367724678116,1,1,1,0,54.08188727280115,-4304533.954399236,7296414.514998303,-0.5899519477067754,0.19783652187469994
2.042775198949353,81.84860899978823,-6406946.163886404,0.1960429809727438,0.3550934546569111,16210683.335153468,0.0499864123740371,0,1,0,0,167.19830853327022,-2275064.6471352675,5756307.547828862,-0.3952298636290491,0.12609136154017977
0.7781988343990321,70.96527514935883,8483318.928038329,0.3769344846518739,0.5657589972752911,94670606.84527972,-0.1399306174801941,1,0,1,0,55.22509440403764,4799514.010293462,53560747.600228764,0.08960879422588498,0.32008324299794283
2.839238177752869,85.96896249218112,10456709.760709992,0.1055989718962559,0.3969379387501021,55622839.41656511,0.0367649292991421,0,0,0,0,244.08636040960505,4150664.8185242973,22078815.225439288,0.18799309546926626,0.1575597272191798
2.8756071579069857,57.74112797872486,-11474000.07877158,0.2480073187129738,0.5808593334401864,46847086.46353165,-0.2100026507651624,1,1,0,0,166.04080092124454,-6664780.037647906,27211567.41682177,-0.24492451814913982,0.3373975652445776
2.770133853595211,135.83164153084394,-487091.8452196568,0.5358770290678029,0.6644686901150597,82979072.29071265,0.0625508016831035,0,1,0,0,376.271828594,-323657.2803588328,55136995.47197268,-0.005870056530797996,0.44151864014322323
1.2994284906897,92.97606826618386,42845407.17223727,0.695085970809618,0.6507240147937094,85224333.51194644,0.0885231482988991,0,0,0,0,120.8157520573898,27880535.37058943,55457520.461011864,0.502736781933664,0.4234417434292438
0.341732864627942,45.63722165069303,34550863.402014226,0.1595068597523295,0.3996423096160971,39897192.980404414,-0.0592355955652053,1,0,1,0,15.595738488351664,13807986.849211248,15944606.349887956,0.8659973502141856,0.1597139756352884
2.8064601189868585,162.4255503230495,8726473.393480642,0.3408965895167729,0.2334881613590022,72425625.17264158,0.0123547695955582,0,0,0,0,455.84082928613145,2037528.2277920474,16910526.056836348,0.12048875481128776,0.05451672149480744
1.4560972004567487,72.180963740312,760069.5633640058,0.5800425812194957,0.444423470769766,79401053.42666979,0.1954157433750286,0,0,0,0,105.10249922853839,337792.753376692,35287691.74665621,0.009572537523900259,0.19751222137104507
2.909968011417908,100.121750694948,2400626.534365226,0.2224213807773393,0.214075315265527,68918561.81793591,-0.0505746704261936,0,0,0,0,291.3510917694574,513914.88217902527,14753762.848821342,0.03483280078750088,0.04582824060603478
2.9017739381409826,163.6326194187957,12270359.454608332,0.4330509695813718,0.8120776281470466,23643556.73200894,-0.10589075870566,0,0,0,0,474.82487045920345,9964484.402410023,19200403.471889958,0.5189726568505899,0.6594700741369329
2.603125529761872,114.24164928494862,-20455851.303968117,0.5398427776178049,0.3767019685902859,88829477.51653513,0.1481663402462598,1,1,0,0,297.3853538157519,-7705759.455394955,33462239.049325325,-0.2302822427404278,0.14190437313979673
1.0950120085878814,25.45715712396371,-5147530.748466902,0.4695912701561074,0.223567797778659,58518509.74624078,0.1962587190530794,1,1,0,1,27.875892755248795,-1150822.1134326777,13082854.353256045,-0.08796414622977611,0.04998256020359937
1.3397638672251984,169.47062163235816,-33371681.477551788,0.2128148407692496,0.1203582079246007,35422518.37330033,0.0003695671847847,1,1,0,0,227.05061541922652,-4016555.778068724,4263390.831586669,-0.9421035829769134,0.014486098214821413
2.5980690130955137,114.84890928749812,7984462.4521055855,0.3132307412114437,0.6166579090291874,48270536.689392455,0.1011463035408356,0,0,0,0,298.3853924076664,4923681.920437489,29766408.222597424,0.16541068319756608,0.38026697676824955
1.1556894139219498,63.60848256499007,12943918.79405482,0.5702750706912383,0.6095218539637945,13381398.135901663,0.1341475915530881,0,0,0,0,73.51164993599794,7889601.380909097,8156254.600422447,0.9673069034039793,0.3715168904594613
0.7576304160524497,29.37261271609277,-9663729.24598748,0.43253590847921,0.3724833332650333,21508012.110017583,-0.0742484232538384,1,1,1,1,22.253584792640844,-3599578.081316204,8011376.042644051,-0.4493083413081443,0.13874383356022987
1.8033634086375456,143.9544081223018,31479735.26580066,0.1031377681257476,0.1573695110781208,78899207.54642747,-0.0485305835367868,0,0,0,0,259.60211211983454,4953950.547647727,12416329.716032472,0.3989867103199574,0.024765163016966785
2.8276178902341087,113.51273228748988,-24515313.260046825,0.5565944560168563,0.4277031159161856,10001047.127982954,0.1230874513154735,1,1,0,0,320.9706325854613,-10485275.868983408,4277479.019062928,-2.4512746461770907,0.1829299553644141
2.1792804510224277,98.35569109585629,-29287497.604196403,0.1211868129641434,0.3489739960507149,47490924.563406296,0.1685014278708509,1,1,0,0,214.34463485200027,-10220575.073262157,16573097.721034948,-0.6166967241308168,0.12178284991960436
1.8391651592412857,161.4312020339176,4489036.371199441,0.5474402696387393,0.6416965117880075,57025916.29770296,0.0562880860174354,0,0,0,0,296.8986423952222,2880598.9806881766,36593331.569750875,0.07871923263388689,0.4117744132408964
0.5623765331810751,143.00451196429287,20941966.05224309,0.2214883360991424,0.5846233995621523,14917097.800087508,-0.0879814353502054,1,0,1,0,80.42238166773059,12243163.38697754,8720884.427488262,1.4038901087127176,0.34178451931560794
1.9605195120877583,31.54310395323145,33678553.829157375,0.6748440880716281,0.391674982558032,97577034.66750996,0.1987061111699441,0,0,0,0,61.84087077212276,13191046.983614957,38218483.35146145,0.34514836348445893,0.15340929196183467
2.973145395281511,59.551361864220944,-9177685.2573788,0.3207644507812507,0.2743140434039921,30351279.812470477,-0.0530970897811964,0,1,0,0,177.05485730935146,-2517567.952040787,8325782.287844736,-0.30238215040961636,0.07524819440864727
0.6782268411386149,48.48559946753151,21573616.668625917,0.2961589698028474,0.8904287729244735,37377884.76726528,-0.0335137781171451,1,0,1,0,32.884234967576,19209769.017787546,33282344.0678284,0.5771759638875983,0.7928633996517837
1.6994900613820894,135.19060120021848,-770169.3900141441,0.1893328301994668,0.4632012969568919,37354826.10295246,0.0342337834489621,0,1,0,0,229.75508313204088,-356743.46033104986,17302803.898486737,-0.0206176676580291,0.21455544150254674
2.6689072942054795,10.868176078761392,-3452545.9988163924,0.2833625292941289,0.6506193886241897,30737499.59056149,0.1554160420714774,1,1,0,1,29.006154411315784,-2246293.3669468137,19998413.191447396,-0.11232358014822258,0.42330558885371433
2.300075267936352,104.7306948524804,17673198.749733448,0.6259904570969202,0.2124423740626886,10132643.987768028,0.0853975976552223,0,0,0,0,240.88848102397915,3754536.2996751135,2152602.944293468,1.7441843186307802,0.045131762297391305
2.1819425006872235,138.43027000462084,13046457.568268392,0.6978006025763483,0.4884717597275182,75641031.46791968,0.041486550036191,0,0,0,0,302.04688950468994,6372826.0865824595,36948507.7487393,0.17247857829386634,0.2386046600512983
2.196707026765195,158.43398643330616,-31527843.139684983,0.320985718304109,0.1220293758955723,97016094.98193568,0.0463288530118106,1,1,0,0,348.0330512764652,-3847323.0216692593,11838813.522471175,-0.32497538831629375,0.014891168581462883
1.270626108293339,64.86430602528381,29530806.994517915,0.3691663785727255,0.5043640943283599,30186413.49565405,0.0043514668643466,0,0,0,0,82.41828073205454,14894278.724575626,15224943.103756936,0.978281404605071,0.25438313964766673
1.092697979514132,148.72002831760224,27601827.08294903,0.5332425629216422,0.8712139256941619,69674247.26230802,0.0558139514518506,0,0,0,0,162.50607445592848,24047096.12926746,60701174.47718108,0.3961553682673356,0.7590137043234326
2.4852751197919867,24.360553967161263,-12511254.030190589,0.6317174682790446,0.4073653703886402,76770669.42628436,-0.2529560077694303,1,1,0,1,60.542678678935864,-5096651.6320349565,31273712.18582218,-0.16296919284003336,0.165946544991874
2.487306165633788,153.12915105354068,7916070.66874818,0.4558266005120704,0.1311968100599292,86358284.11814722,-0.0296607459069798,0,0,0,0,380.87908155373935,1038563.2199487317,11329931.39854996,0.09166544645465816,0.01721260296990114
2.64109526016628,27.310515908096924,9880603.725654775,0.3349154189066976,0.1247646327354748,48036627.73122482,0.0241321934916781,1,0,0,1,72.12967411757057,1232749.895036082,5993272.216736989,0.20568895429002346,0.015566213581617912
2.7657494919024725,74.52527584806427,5213475.316478143,0.3475731045091742,0.4103894079574955,37263781.50763863,-0.1151014083619507,0,0,0,0,206.11824381067535,2139555.0485304818,15292661.231177289,0.13990730692239173,0.16841946616370368
1.6806244769245322,144.5266890114219,-11006103.076908402,0.5173708878980842,0.2280199491705552,39276562.0620728,0.038632331781156,1,1,0,0,242.89509112145547,-2509611.064162545,8955839.684987996,-0.28022063284241433,0.05199309721974258
1.654093995655439,31.23554978603541,-13432467.358761031,0.1019309581625672,0.1186816770625487,74135919.97886616,-0.0204471220986121,1,1,0,0,51.6665353520777,-1594187.7532257033,8798575.313666746,-0.18118703271761125,0.014085340470379099
2.455396983210293,45.11899416571226,-511081.4198289056,0.4717536024759043,0.7049708911601414,83510151.98550725,0.175547569831549,0,1,0,0,110.78504215997269,-360297.52399217396,58872226.2661419,-0.006119991494179068,0.496983957383124
2.054902613099966,131.3941994687866,23454580.38518729,0.3132958062648144,0.4668184071055126,26345257.09809424,0.1573019725214856,0,0,0,0,270.0022838345878,10949029.854741331,12298450.953317553,0.8902771492362451,0.21791942521252808
2.195310568595799,131.006393895563,10872003.091888648,0.5765183987662506,0.3313958175781236,43384690.73419887,-0.0465805569118162,0,0,0,0,287.5997210725536,3602936.353348326,14377505.056233877,0.25059538071844706,0.10982318790827296
2.4486402074774727,117.20083575492704,-7412286.6417221185,0.1557943838938792,0.8200665464131845,91174617.70742352,-0.0150837711566695,0,1,0,0,286.98267877947774,-6078568.30730164,74769253.86386919,-0.08129769916346578,0.6725091405460478
2.703014422907429,126.4409777817425,15433974.212966897,0.4529213601690343,0.1929111681604205,82602416.77252653,-0.0073947565608392,0,0,0,0,341.7717865905678,2977385.9947812506,15934928.712462004,0.18684652115530134,0.03721471880101804
1.2125869234991469,99.97677758582932,-56970852.41260151,0.3885837339316742,0.8647350631642554,98637256.24862282,-0.0451659476159622,1,1,0,0,121.23053315415925,-49264693.659532435,85295094.0125017,-0.5775794520176238,0.7477667294656888
1.314073972127849,49.06483530871673,22975314.00744207,0.4853953155431364,0.3511733739018823,77882343.37138727,0.0195024984028126,0,0,0,0,64.47482302592412,8068318.536448607,27350205.289114967,0.2950002916307065,0.12332273853763123
0.5537512375703464,65.4967988631859,-34794275.57556199,0.138912156689781,0.810722937846945,45387568.092513,-0.075828206888759,1,1,1,0,36.26893342738525,-28208517.314875823,36796742.5456904,-0.7666036546536529,0.6572716819511816
1.8613563806896696,36.779600440249496,-7248818.828062643,0.4479902724568787,0.5823543011835692,63157405.0595174,-0.1130615334937526,0,1,0,0,68.45994395867498,-4221380.82302272,36779986.488002874,-0.11477385464509826,0.3391365321070033
0.3970441392512036,163.97884823338495,-22393397.89252288,0.4368907527757142,0.76136588779319,69491282.88225883,0.0622711223900268,1,1,1,0,65.10684065222807,-17049569.267146833,52908292.2855387,-0.32224758219624017,0.5796780150951124
1.5571146489576426,107.09356408407108,-25893629.514418118,0.4363960566497026,0.8872105305683714,17061023.468541157,0.062952958422181,1,1,0,0,166.75695744439113,-22973100.77982774,15136719.683563836,-1.5177066933975805,0.7871425255514111
1.765140513710457,75.14899793363698,23216535.747570388,0.4620925999578729,0.3307243502549966,59004726.31934786,-0.0804315759659992,0,0,0,0,132.64854081740606,7678273.700287118,19514299.773940217,0.3934690862206,0.10937859585158966
1.073661380746368,85.85101563772322,-9354024.026237829,0.5058807623358174,0.8689083883260744,73838874.56253487,0.0895355430762599,0,1,0,0,92.17491998807594,-8127789.941001689,64159217.491943344,-0.12668156281710136,0.7550017873034162
1.8952498035363288,170.77458443206768,6930077.634614316,0.5829933998084619,0.4115855159219362,25058917.360095438,-0.0631577729165331,0,0,0,0,323.6604975938745,2852319.5786218047,10313887.430100044,0.2765513583459905,0.1694026369167264
0.3823506748354334,31.836495545314037,-938411.5775836814,0.2618924320769286,0.4084095237895379,80256854.56830014,0.0253165238037981,1,1,1,0,12.172705556146092,-383256.2255195403,32777663.75508566,-0.011692603487033932,0.1667983391219971
0.4008401096228789,107.59022060293952,9540816.54446243,0.5950296461080372,0.3723096834036046,62539550.246270046,0.0820344012612456,1,0,1,0,43.126475820832006,3552138.38708068,23284080.152392622,0.152556526340409,0.1386145003560923
2.5210215137810774,93.53051880478156,1536437.8212051073,0.3989534093580722,0.5331260858780682,95699960.71278352,-0.0033612564703713,0,0,0,0,235.79245010195996,819115.081814106,51020145.47349118,0.01605473826490162,0.28422342344366935
1.2725147318104095,112.00449120106336,-25659844.48377139,0.1462349674805987,0.2233160345427897,13818006.838620253,0.0454740912141134,1,1,0,0,142.5273650822825,-5730254.717100504,3085782.4924858245,-1.8569859447495802,0.049870051283916444
0.6430633841600889,8.16928216864709,19925336.3889428,0.1351305575463875,0.5429691882864089,33879352.37999202,-0.0516429643887571,1,0,1,1,5.253366237528867,10818843.725437919,18395444.461433485,0.5881262476761515,0.29481553942840183
1.7100568021479718,157.6216840652265,-9875131.66322625,0.3005429912176365,0.5333638499280032,64139849.13698417,-0.0196466583428097,0,1,0,0,269.54203300175914,-5267038.242444279,34209876.86950319,-0.15396250219011,0.28447699641002155
2.378982593366249,168.12069943463217,-31131637.97319502,0.5709381862668805,0.709521450083896,36690392.09853376,-0.020585943088034,1,1,0,0,399.95621753954896,-22088564.918228213,26032620.205898393,-0.8484956467510502,0.5034206881291545
0.8827167742414765,103.89830712811155,-8562303.21931825,0.5246085608445494,0.7669199695500685,74298174.7664118,-0.0746578346540239,1,1,1,0,91.71277851727685,-6566601.324238006,56980753.9294822,-0.11524244365675908,0.588166239694678
1.9818042847113009,126.91389417845616,30015195.812686216,0.5731689788034439,0.4523530802499392,78310475.42697379,-0.0176774163115782,0,0,0,0,251.51849927226104,13577466.280173687,35423984.77522877,0.38328455610866563,0.20462330921160793
0.5304381554831736,166.43739170602674,17004434.842269856,0.4103614338649656,0.341866599481195,19226436.765982702,-0.1548618298863746,1,0,1,0,88.28474305997528,5813248.3156263465,6572876.557326731,0.884429863382474,0.11687277184083582
0.4395406471552407,128.76676100484474,-6973042.688157184,0.3641193987732943,0.3074679178536755,56246901.7786091,-0.0491153747142104,1,1,1,0,56.59822546415367,-2143986.9164324855,17294117.775589135,-0.12397203166146759,0.09453652050927454
1.7346575052339996,31.694332509995736,-6985154.086368576,0.1884715160237703,0.2556990693638975,55800150.00319503,-0.028487549336967,0,1,0,0,54.97881176184605,-1786097.3992478708,14268046.426182853,-0.12518163635704593,0.06538201407356328
1.7597148283472877,105.85046302919233,-6432701.024347653,0.2969156521655869,0.1461180657592199,43235269.3193987,-0.025617975249538,0,1,0,0,186.2666293798961,-939933.8312850315,6317453.925529482,-0.14878364644444214,0.02135048914121571
2.021060734045158,111.1751331169998,41534959.671216816,0.3604116197043251,0.3739583830677707,93963237.63127048,-0.0241497445870778,0,0,0,0,224.69169614501175,15532346.359433305,35138340.412402615,0.4420341478037172,0.1398448722666615
2.260446601051186,79.22286747791756,7638709.044631067,0.1531602578077703,0.3161981537046266,84475568.78858991,-0.0061764199860128,0,0,0,0,179.0790615159873,2415345.6965991757,26711018.88410031,0.09042506791221304,0.09998127240621468
2.9348006145488434,133.8777412343265,8600832.943821393,0.2323671716267267,0.8731339086931259,72748844.3718673,0.0479441518086063,0,0,0,0,392.90447724891243,7509678.886255377,63519482.839316405,0.11822638583586106,0.762362822509736
1.6940109404132275,168.5142275845776,20605669.080636844,0.4589351764382433,0.5461670610000352,74289397.21614978,0.0874517074132522,0,0,0,0,285.46494514355896,11254137.721710723,40574421.74100872,0.27737025541724786,0.2982984585214162
1.1719824769413645,166.97448975868585,4775783.180530271,0.5413978685435139,0.377821631224406,51554452.94318072,-0.0649765226848267,0,0,0,0,195.69117609340515,1804394.1916420285,19478387.507874418,0.09263570667297673,0.14274918502107103
2.4470027258755,83.89688999572311,-5180842.916414063,0.6990085068357698,0.5643740807949568,92889506.89869183,-0.1203200855389144,0,1,0,0,205.29591851201144,-2923933.45869425,52424430.071446,-0.05577425362010427,0.31851810307315237
1.0312470784076004,24.81665802213217,-3926996.981699565,0.6598679988061346,0.2113573610765564,72513588.45279568,-0.1042044412243103,1,1,0,1,25.592106081164342,-829999.7190076221,15326280.697574347,-0.05415532544298135,0.04467193408124583
1.4852228359052175,177.34720981840854,-1432025.188281279,0.4855391197211149,0.4552349993617623,75608295.54902348,-0.0487202921194927,0,1,0,0,263.4001259063744,-651907.9856732556,34419542.37600364,-0.0189400538377799,0.20723890464390374
0.5118322296241181,151.80716512803846,-744444.7301968319,0.3527488319764432,0.6009874571368511,87552181.34086107,-0.0351921317816509,1,1,1,0,77.6997998004006,-447401.94537992316,52617762.830828555,-0.008502869018174828,0.3611859236358184
0.3684470072217353,26.815969210571694,14552590.872739596,0.4817064188249396,0.4911182654339611,34666443.04079719,-0.0769996066197457,1,0,1,1,9.88026360138534,7147043.186989965,17025323.374961525,0.41978898312738305,0.24119715064286265
2.8991507196303976,166.14732945804016,1038917.7161459888,0.5713909708481392,0.4214230405234594,82636381.34800327,-0.1296116664249894,0,0,0,0,481.6861497629459,437823.86279193097,34824875.08553163,0.012572158886905228,0.1775973790840373
2.557146325382956,157.23186336087244,14652801.544311585,0.1710017145540324,0.8950787111197586,27571654.266084284,-0.0456120827474188,0,0,0,0,402.06488162637,13115410.720576022,24678800.763926312,0.5314444103680751,0.8011658990998082
2.1791303564529847,95.79665999706262,-1614331.6021716464,0.3459429338177729,0.8042518097191417,41080775.70203991,0.0181426620113971,0,1,0,0,208.75340984640445,-1298329.1125333481,33039288.20303174,-0.03929652190310236,0.6468209734365145
1.4041729499185287,108.47320125536262,1572703.806321812,0.6038813713813703,0.5987247665275521,40204940.884285845,0.0595029465835564,0,0,0,0,152.3151349938488,941616.7192570195,24071693.844198078,0.039117177434689517,0.3584713460534718
0.7678946641912836,74.8254731772728,-39964013.69064216,0.3302997711598264,0.5555018889458262,98067292.15502264,-0.0557423053108321,1,1,1,0,57.458081598415795,-22200085.095008582,54476566.035917275,-0.40751623515277574,0.30858234862238104
0.7223800152119324,14.583286793855484,18326553.494049627,0.4431233627363119,0.5965283838596672,87088350.13731341,-0.0412997822143434,1,0,1,1,10.534674935985297,10932309.337523162,51950672.760416396,0.21043633809980206,0.3558461127502265
0.9756558250444074,63.65951728803266,6929769.517959854,0.4526616165173189,0.2610496862579466,73105287.54312338,-0.092669830884731,1,0,1,0,62.10977886158422,1809014.1585033017,19084112.37692933,0.09479163205359281,0.06814693869537236
1.7829119947065255,145.499353504652,19960202.197193045,0.2106857518801836,0.4161101946114549,75435108.5453851,-0.0031439170374776,0,0,0,0,259.41254258548895,8305643.620757987,31389317.69735642,0.26460096077390943,0.17314769405958286
2.2294089912901685,5.8106040258055005,-57925107.56387378,0.317341264991373,0.1315676263127194,60586551.4962314,-0.0848428634190814,1,1,0,1,12.954212859957632,-7621068.906087821,7971228.7668325035,-0.9560720346903526,0.017310040293563374
2.0825329171378746,63.36235504595023,41767494.09561455,0.3007067732451592,0.4804368299894613,95238160.03976671,0.05731278132412,0,0,0,0,131.95419009056846,20066642.4599006,45755919.703534506,0.4385583896011276,0.23081954761032253
1.0558215217540456,74.67952137841507,-2791792.563103475,0.1157180251192388,0.5344196671661305,54663287.75941254,-0.1785866491934111,0,1,0,0,78.848245905622,-1491988.8523706377,29213136.05059167,-0.05107253291076977,0.28560438065395777
2.878136257790624,99.0442305141365,22163656.33475033,0.1145150583348131,0.2821997888825677,44246593.88829051,-0.0359629672452462,0,0,0,0,285.06279096770874,6254579.138532327,12486379.45404829,0.5009121468356856,0.07963672084536577
2.292321675078575,165.9747328722331,-20798118.542510618,0.5990182262054641,0.871223077732411,24673180.32384319,0.0301107339191742,1,1,0,0,380.4674776783964,-18119800.847649626,21495844.09918543,-0.8429443739934951,0.7590296511735347
1.796755941780782,65.61054901404322,12255478.101251394,0.2638424859836874,0.8275636887497936,80758508.70349522,0.0183834516322504,0,0,0,0,117.88614378448136,10142188.66486392,66832809.36059681,0.15175463611205808,0.6848616589371652
1.9516460148327512,65.71681033183984,-21068311.263473123,0.4108472597432893,0.6777145883647246,76099953.88680324,0.2693033663980497,1,1,0,0,128.255950991655,-14278301.89546458,51574048.922969386,-0.2768505128769421,0.4592970632823682
1.4329201685550328,134.06271841920596,-12475379.213916102,0.2792353441532638,0.5267093030122901,44591953.46717214,0.0349800024567907,1,1,0,0,192.10117307419452,-6570898.290575762,23486996.73065071,-0.2797674971360084,0.2774226898796925
0.9688736716531252,84.13813965571626,38280627.07733572,0.6644075470692042,0.7959753277181479,12267407.256330645,-0.100405459684201,1,0,1,0,81.51922829429722,30470434.68313851,9764553.511109771,3.12051489589056,0.633576722336013
1.2611262323584065,44.30584401449684,-3813648.015266932,0.2555780553194642,0.2045218750587703,85509759.49462096,-0.0095464247089073,0,1,0,0,55.87526213346165,-779974.4428965509,17488616.347664367,-0.04459897955281738,0.041829197377555256
2.3461844982537965,84.17691532322135,4348657.463594457,0.357794087643361,0.7324078354199081,11027618.510866627,-0.1776246333466452,0,0,0,0,197.49457384216439,3184990.799893844,8076714.203380336,0.3943423921773577,0.5364212373844751
0.3388624193003408,29.649978566464974,17401354.613775086,0.6236381502907611,0.1998566511734786,73332980.16661459,-0.008059974929676,1,0,1,1,10.04726346923557,3477776.4589912496,14656083.836670717,0.237292342057267,0.0399426810182775
0.6133961293686738,35.86772263858908,9913637.759452092,0.6051601400750851,0.7353685300395244,97323139.87534514,-0.0833056057000758,1,0,1,0,22.001122235779697,7290177.226512609,71568374.30896358,0.10186311058346272,0.5407668749724909
0.4242071334587324,92.21436022940895,3008378.1028715284,0.2116608507077664,0.3206140546010856,49389519.53333831,0.0915390275560161,1,0,1,0,39.117989416648506,964528.3013347625,15834974.112383112,0.060911264804688975,0.10279337200774791
0.4099677662612193,78.31195366329588,7299220.049324509,0.5815859858774263,0.8016724648145511,31147606.449635748,-0.0549540274595534,1,0,1,0,32.105376714893524,5851583.728165768,24970178.4355531,0.23434288798810313,0.6426787408418377
2.6097435768297195,165.09803268691752,48068311.7047655,0.3749121320427355,0.8552336750603183,73438390.90390435,-0.0116765915795246,0,0,0,0,430.8635303519061,41109638.87321151,62806984.94326237,0.6545392826983897,0.7314246389571781
2.199876220326064,68.4189323454108,-1152375.9406717075,0.3897813232512132,0.2190367755240925,83541532.78140266,-0.0635557841404403,0,1,0,0,150.51318228676698,-252412.71023627374,18298667.96277871,-0.013794048329075428,0.04797710903199169
1.5802693385357782,106.6029612986576,4021980.9342993503,0.1800879834495662,0.4701404840523148,59178728.447006255,0.1738851351853331,0,0,0,0,168.46139113738482,1890896.0633006778,27822316.03767601,0.0679632874826126,0.22103207474494485
0.5641522337577041,115.6462503859178,21013087.92015224,0.1483609082542747,0.8847899025301481,97033174.77305315,-0.0321242766117911,1,0,1,0,65.24209048091826,18592168.012728933,85853973.24964052,0.21655570859449744,0.782853171619309
1.6273628628154475,7.291529902958386,22110518.659159675,0.5367635841842591,0.4867259487785172,14650184.9492165,0.1832557043479201,1,0,0,1,11.8659649771828,10761763.172364602,7130625.169188154,1.5092313670990316,0.23690214921434777
1.5783737811075276,121.11904010292436,23740606.111207604,0.3978766914131798,0.7908380180116361,55431603.847407535,0.0814151762118266,0,0,0,0,191.17111729136698,18774973.883382358,43837419.72188996,0.428286473120296,0.6254247707325729
0.767645048757041,36.156294202206496,12774604.440583693,0.3621104215691078,0.570985217705056,74660855.25902951,0.0482066727335386,1,0,1,0,27.755200225726725,7294110.297602654,42630244.694122635,0.17110176941133726,0.3260241188376901
1.4713994529425274,173.18730555715464,-22860098.25460967,0.5377049371914381,0.4002639263356815,87637642.40342611,0.0368733147317519,1,1,0,0,254.82770665338768,-9150072.683809526,35078186.84319774,-0.26084793734382766,0.16021121072565583
1.3759627828729084,31.015977356794767,32668630.64602192,0.5593077393946658,0.3286268444206962,26133005.071701106,0.0393797298216251,0,0,0,0,42.67683051737844,10735789.000747433,8588006.991943182,1.2500908547022827,0.10799560287390444
1.9627952647409843,77.55922165222916,-22926907.86037376,0.1953449006016121,0.2625784728688698,82000313.35873133,-0.192767257934561,1,1,0,0,152.2328729959918,-6020112.45358223,21531517.05650446,-0.27959536886248404,0.0689474544141478
2.0147528573426383,19.93619191376268,6052709.304780665,0.4661350896865848,0.7094385531021578,59743636.81466907,-0.0278883394150756,1,0,0,1,40.16649962278456,4294025.331531562,42384439.258859634,0.10131136347719831,0.5033030606276832
0.4223208263845202,179.4529940730408,-15085517.000387158,0.1812124493666113,0.4092324054584223,45689831.37909669,0.0845157971184321,1,1,1,0,75.78673675410299,-6173482.409652361,18697759.60025744,-0.33017230628889677,0.16747116167728657
1.3114540594914723,92.88412680796743,-1282766.9318598509,0.5508250516174273,0.5090203697606009,21854352.57211842,-0.0048897183474105,0,1,0,0,121.81326516462958,-652954.4979719729,11124310.627138259,-0.05869617631667538,0.2591017368312189
1.9898217724284384,109.19237803100766,6575248.206069608,0.4941730937602837,0.4938603840009455,87876618.30180211,-0.1405189846803575,0,0,0,0,217.27337118933573,3247254.603951065,43398780.45923251,0.07482363719877883,0.24389807888556136
1.6584678981662369,16.73838354297481,6427144.309005462,0.6739687726500747,0.561823223386505,24154588.736174382,-0.0052404450577469,1,0,0,1,27.76007177321776,3610918.93285568,13570608.903332857,0.2660837813967847,0.31564533433640274
2.61252257120847,136.24308231985611,8438415.084705696,0.1413748098138527,0.7924617164996418,37880907.32881893,0.1704105516255491,0,0,0,0,355.93812773163773,6687120.902562345,30019168.84435971,0.22276169394406087,0.6279955721175586
2.078472805371152,41.73347879172751,32274225.38117294,0.1342328326907526,0.8845914748667435,36104097.87661933,0.1246891715534719,0,0,0,0,86.74190074213935,28549504.630113456,31937377.189411957,0.8939213906262264,0.7825020774069205
0.7399229531198601,162.1595006521249,9070686.030279595,0.2693122448159201,0.4260673668590535,88427263.07717688,-0.0062004009366031,1,0,1,0,119.98553659896214,3864723.312526428,37675971.13784556,0.10257793484304666,0.18153340110220728
0.4905356179811606,40.899437084351256,-4883132.705812974,0.2570234102415435,0.7620151376850425,70543269.47880082,0.0951449277058086,1,1,1,0,20.06263064525384,-3721021.0411544074,53755039.20464146,-0.06922180871245867,0.5806670700611543
2.0345320511570524,38.37035111614165,19281743.365767147,0.2481872794431999,0.7116222357237741,81701325.74722351,-0.0366507020368051,0,0,0,0,78.06570915993996,13721317.322599268,58140480.08983555,0.23600282112218243,0.5064062063765028
0.3715805384623789,11.396191873416605,23789409.77849281,0.643752748312622,0.5588231611644586,32542110.891324908,-0.1703871586826719,1,0,1,1,4.234603112744728,13294073.174654035,18185285.279254545,0.7310346233512037,0.3122833254538385
1.881594069438351,87.61171539424987,-24552156.302739847,0.2497277199097036,0.8648377148895465,66238668.9646299,-0.0924465988129554,1,1,0,0,164.84968409914123,-21233630.75247251,57285699.10469565,-0.37066198168701425,0.7479442730953726
2.8386216518473857,103.84719832095789,11948001.39699716,0.2631698356771786,0.2603796124227222,61457138.48293738,0.1562888768508198,0,0,0,0,294.78290563756053,3111015.9729762636,16002185.898796799,0.1944119380096803,0.06779754256540702
1.8537802802648733,16.499011899961666,14023454.846217966,0.5556389574507782,0.1874113682476971,84954733.9109444,-0.0273993081829304,1,0,0,1,30.585542904004416,2628154.860289508,15921482.921369122,0.1650697283204765,0.03512302094847393
1.3480588007576093,140.71733292162685,-5951270.067199838,0.369843905470324,0.7831695735643377,91547835.44331343,-0.0243383979375018,0,1,0,0,189.69523906413755,-4660853.640695104,71697479.24487795,-0.065007217684408,0.6133545809569465
2.0368781897943538,84.32554608090483,27514136.26623239,0.5660263341731087,0.4513198533069986,11094109.432964811,-0.029983819627488,0,0,0,0,171.7608656546938,12417675.943544772,5006991.841857468,2.4800671412594366,0.20368960998905072
1.537282804327095,96.76829713232652,-3001111.7406505346,0.1392196945386311,0.7775750833656484,70661792.71529134,0.1904136589573007,0,1,0,0,148.7602391855405,-2333589.7119259657,54944849.36135883,-0.04247149166937409,0.6046230102710951
1.7731653311530244,82.13348071418993,2511529.069430845,0.3925427162040306,0.814472164156332,14665221.920775613,0.1625958915362063,0,0,0,0,145.63624052932713,2045570.5165208788,11944415.035646992,0.17125748815794364,0.6633649061854989
2.841954983696618,75.13353565318205,-3461436.485677392,0.1201681601099695,0.1499660748952571,59397279.85696203,0.2218780233448134,0,1,0,0,213.52612609230826,-519098.04325627134,8907576.919603715,-0.058276010181157696,0.02248982361948986
1.3424771220620906,102.93705797893811,311580.95162935066,0.1375919220732127,0.8067718103888486,35886945.61393104,-0.0159045210400051,0,0,0,0,138.1906453491034,251374.7284286915,28952576.082277294,0.008682292301532547,0.6508807540381003
2.895214522324568,32.16704303787469,-21925501.737904035,0.6438624720066465,0.4586552442955377,37609893.95699271,0.0295624488747095,1,1,0,0,93.1304901434942,-10056246.355900612,17249975.10077376,-0.5829716447213615,0.2103646331197994
2.744446733281372,36.837422836672445,-28801017.65188589,0.1835472226705571,0.5083459912033857,41766265.31071209,-0.1516642549420791,1,1,0,0,101.09834476661031,-14640881.865914142,21231713.538237523,-0.6895760834162754,0.25841564677255274
0.8286360639311003,155.81248367736552,31890101.264499445,0.4194524093651303,0.6012740088745682,65916320.41446491,0.1476934426118274,1,0,1,0,129.11184318574098,19174689.030721515,39633770.225865856,0.48379674508502096,0.3615304337480943
0.4872755123629467,170.57020587338573,-16939226.966366556,0.3466573615604239,0.8411060853840694,40064496.910189226,-0.1167779551267935,1,1,1,0,83.11468446080733,-14247686.883112838,33698492.1590114,-0.422798943521953,0.7074594468701134
0.5721006037190519,70.32913034895677,-19827846.989126146,0.3084059957553056,0.1152928755438112,75942914.55312523,0.0216775563762629,1,1,1,0,40.23533793167406,-2286009.4952190523,8755676.996007755,-0.2610888337088477,0.013292447151160737
0.3491989292591843,52.38031780012191,-43067802.2720743,0.6399000074123634,0.4814747746542537,46407464.70164827,-0.1097302527632844,1,1,1,0,18.29115089005836,-20736060.39380093,22344023.609501336,-0.9280360939550452,0.23181795862836438
0.5549959940410067,117.69992006682776,-12779234.953790044,0.1130940380652937,0.6501776339444485,16151788.027896276,-0.0588866826738696,1,1,1,0,65.32298413603611,-8308772.745875405,10501531.32394987,-0.7911963017170986,0.42273095568160124
2.1441182882241634,76.52847994216687,-26461795.86814997,0.4982738117053534,0.6781655661585828,80538385.82356966,-0.08372624310497,1,1,0,0,164.08611341399606,-17945478.77649677,54618360.0195395,-0.3285612890990658,0.4599085351231912
0.4922093508426183,9.44261224056035,32840303.20272738,0.6780366605281302,0.6540259452296864,35718249.213343546,-0.0607875260675817,1,0,1,1,4.647742041184772,21478410.343793273,23360661.703706514,0.9194264535916551,0.4277499370335847
1.1612342017931556,32.32670453908331,20196341.786852684,0.4361009100771051,0.2075481035264975,48949019.16393364,-0.0539122703148978,0,0,0,0,37.53887494204559,4191712.436034228,10159276.096956609,0.412599519496269,0.04307621527744572
2.581163339617527,130.29514004829457,-13763006.903554477,0.662093477219855,0.339516470697345,71689949.48997113,-0.0548268794925077,1,1,0,0,336.3130388229894,-4672767.53007801,24339918.635305926,-0.19197958711743568,0.11527143387478112
0.3628342264867298,120.31168983427648,45048716.10688618,0.1313547275716142,0.3869724203336108,39921054.14338408,0.0833333911780307,1,0,1,0,43.65319891833106,17432610.70480346,15448346.944134457,1.1284450542083666,0.14974765409885274
2.4990649029901264,9.741798688109611,19635309.739831887,0.3512759914444968,0.743549766143604,15092709.053204406,-0.110486279306252,1,0,0,1,24.345387193449987,14599829.96520923,11222180.28698359,1.3009798089007103,0.5528662547322082
1.0610078918881798,43.84512833826615,-6496627.670172449,0.2560946745772307,0.3230078979316424,43652894.23115322,0.0220541427013866,0,1,0,0,46.52002718775046,-2098462.047386946,14100229.60423712,-0.1488246721001166,0.10433410212621833
0.6190450345784719,45.438089402912496,-49988114.29747146,0.5384925789884378,0.2685639710937625,95000372.44248731,0.1217959152305558,1,1,1,0,28.128223625605663,-13425006.483217822,25513677.278540835,-0.5261886139207926,0.07212660656965131
2.181190346483207,122.58123012977748,45818851.45181484,0.6887782542983479,0.865958415230477,67756095.75687024,-0.0513196364513396,0,0,0,0,267.3729958191071,39677219.99089422,58673961.3038238,0.6762321668625507,0.7498839769084792
1.998145686305687,8.449344107013728,-27791449.33527192,0.2539180374665487,0.1070906280907751,70433123.38004863,-0.0717918890747601,1,1,0,1,16.883020479541855,-2976203.7648672243,7542727.421164465,-0.39457925478205214,0.01146840262487671
2.669174436523043,23.219001847300422,-32907974.939137835,0.4925047608844447,0.8982566845455826,66905393.82738759,-0.023052462518025,1,1,0,1,61.975566172395595,-29559808.46393907,60098217.23760567,-0.4918583249661258,0.8068650713308223
2.284691818270492,144.98531494030814,20451408.640192807,0.218858579655844,0.6414570390859164,27909292.50634931,0.117972520836071,0,0,0,0,331.2467628134925,13118700.031474207,17902612.134105586,0.7327813356623122,0.41146713299287097
2.469398512039091,36.24531585950838,48795048.12678546,0.4391981527429659,0.7627754395592937,47650047.76920521,0.0194107630953357,0,0,0,0,89.50412905185686,37219664.28322567,36346286.132176846,1.0240293643172427,0.5818263711948738
1.0614933459425275,119.23056887407807,27685456.370210364,0.3783594920130017,0.3356955170769545,77584581.85269864,-0.0531214294607598,0,0,0,0,126.56245549277611,9293883.591709232,26044796.32224097,0.35684224505809303,0.11269148018556385
0.7790867682052516,46.68198668317714,11278182.401047193,0.6832031977789222,0.1114522221336479,19123560.77978432,0.0483876651188039,1,0,1,0,36.36931813839707,1256978.4902253102,2131363.3440148393,0.5897532646205436,0.012421597818527995
2.3266598294303176,22.4022437328854,11895086.833305718,0.4651163636178799,0.6902956148492241,35006749.84807411,-0.1102292149836423,1,0,0,1,52.122400582411544,8211126.2792816805,24165005.910249297,0.3397940935656477,0.4765080358800683
2.4784537960216126,47.55513342490446,17068311.175606154,0.3097038232520913,0.7673156776005406,34868719.76192683,0.0681359510442948,0,0,0,0,117.86320095726873,13096782.755207116,26755315.331186246,0.4895020893265789,0.5887733490915769
2.974363883401818,131.39671307474035,15178571.795735303,0.16845747093276,0.6923809055628153,48881703.48350554,0.0408607307701767,0,0,0,0,390.8216377672191,10509353.285081416,33844758.123362586,0.3105164246343646,0.47939131838798416
1.4140677276608515,154.7468819186,5623828.479387516,0.1907480972409607,0.2142802298406708,98233186.68479666,-0.0307808471138884,0,0,0,0,218.82257167723682,1205075.259147667,21049429.82079975,0.05724978155735534,0.045916016900570705
1.3044488316405147,150.28847629922353,2084022.0790375213,0.235190157970741,0.7027423378055753,16075229.201543976,-0.0838585798447231,0,0,0,0,196.04362731755532,1464530.5478612632,11296744.149853464,0.12964182674529812,0.49384679334444526
2.3963149940033914,74.5071176832296,-1251862.5579904483,0.2505799968041788,0.7151382256861128,56683089.49425355,-0.0886680922283457,0,1,0,0,178.5425232642983,-895254.7685241677,40536244.04732763,-0.022085291559793337,0.5114226818374816
1.2201695586831482,121.91489889986308,-15079291.777333526,0.6103696347046826,0.6268324125360439,26142821.38109894,0.053481733634591,1,1,0,0,148.75684838754657,-9452188.844120905,16387167.796813121,-0.5768042996398138,0.39291887340575715
2.813044779129625,40.87225169776867,-5613501.5373354815,0.4367336729695149,0.712892746236469,97360889.08687696,0.1228980502489062,0,1,0,0,114.9754742496801,-4001824.526953732,69407871.59716798,-0.05765663799892427,0.5082160676365747
2.617714429976132,56.30085279567732,-33859136.28390771,0.4140345468246198,0.7767371517421857,20197315.42547177,-0.0637307747028794,1,1,0,0,147.37955478320657,-26299649.07761297,15688005.256419456,-1.6764176609930241,0.6033206028965632
1.4582838739125497,161.85876824119595,-1966792.535894998,0.1688613231215305,0.5908832913899668,46324090.21254321,0.0458386703551484,0,1,0,0,236.03603157748478,-1162144.8470908557,27372130.895433277,-0.04245722963734424,0.3491430640438404
2.3273518830370428,7.275336614378807,-19771822.14301835,0.6160838160096609,0.1708837711757432,76409648.63511455,-0.2087027018602069,1,1,0,1,16.93226836920286,-3378683.53081504,13057168.912981853,-0.258760804377421,0.029201263251243757
2.337265760028642,19.963992899531917,-22071786.344315417,0.5336885819250903,0.4901022477337687,73409898.52247007,-0.0584617730657199,1,1,0,1,46.661157037530884,-10817432.098848488,35978356.27177045,-0.3006649891711736,0.2402002132336924
0.5784344458570181,41.38009465055478,3597883.023069569,0.1406010171400009,0.162119467737284,48045577.32045391,-0.0031058932870901,1,0,1,0,23.935672118704613,583286.8806810488,7789123.422322512,0.07488479114471754,0.02628272181942027
2.73689284803483,9.643135677918451,27840045.726891987,0.5247010583378612,0.4260344248259446,41187175.11574464,-0.0909683416981833,1,0,0,1,26.39222906952451,11860817.868384425,17547154.460641727,0.6759396741499166,0.18150533113677345
1.6641814056092143,36.75120114071453,18366332.12004626,0.4261229304055877,0.4256851913005021,45785114.06975835,-0.0936506374789596,0,0,0,0,61.160665572181266,7818275.602010449,19490045.041500393,0.4011419976384302,0.18120788209254507
2.5314351584909023,107.03227316969613,-31410012.07246354,0.1490352074480669,0.1528078753121932,33784863.684277534,-0.0667779556468886,1,1,0,0,270.9452593949713,-4799697.208323492,5162593.237306526,-0.929706639221422,0.023350246757426783
1.1641339227826517,78.74929635368714,-19792562.731406752,0.3749803849171939,0.3790564271755835,28479964.483611982,0.0292192728326373,1,1,0,0,91.67472728059138,-7502498.113615652,10795513.583245471,-0.6949644457174742,0.14368377498311846
2.717912716939741,161.2175494384706,18815423.75976432,0.3908177722780281,0.1887984790330518,53473572.780300096,-0.0187329018406374,0,0,0,0,438.17522781268065,3552323.388205849,10095729.209383857,0.3518639728276396,0.0356448656851937
1.3508445325822405,148.05262330422715,-19649747.870766196,0.1994647240979654,0.7465881680073777,34168038.04608466,-0.2238231233324972,1,1,0,0,199.99607672497325,-14670269.264642205,25509452.929232724,-0.5750914888429737,0.5573938926086124
0.3292616589968055,64.81803654712829,-4492662.999940492,0.6674188882001694,0.8581504207715767,35871549.84075251,-0.2120700152635066,1,1,1,0,21.34209424642303,-3855380.6437838273,30783185.58957035,-0.12524306922575512,0.7364221446704341
2.744531336332012,50.39910085047619,11001041.980491038,0.6099852228883971,0.1578531802063509,69108045.71271014,-0.0606865177857175,0,0,0,0,138.32191160708925,1736549.462204083,10908924.79359717,0.15918612466952975,0.02491762650125869
0.5464740273225606,71.44617142927171,-19366889.097272705,0.501413402397465,0.8640921658333611,97168359.8529903,0.0457686586053552,1,1,1,0,39.043477037732174,-16734777.14551688,83962418.5158458,-0.199312709678064,0.7466552710545888
1.1621468214941202,108.30161494009135,2107510.122919198,0.3773773366003643,0.5180612794693962,64327348.05034376,-0.2747504842725234,0,0,0,0,125.86237756530728,1091819.3907742242,33325508.235834256,0.03276227276258648,0.2683874892854678
2.8651673110371734,51.91113714400335,-26680509.89836409,0.3470593249507051,0.3396525423630991,16928152.035846964,-0.049973017615163,1,1,0,0,148.734093223766,-9062103.018523194,5749689.876484493,-1.5761029226264973,0.11536384953371684
2.8666392967314014,114.22605887359845,-12027352.879024273,0.4905840802905725,0.1614896602209308,16802525.24686603,-0.0526247856517421,1,1,0,0,327.44490907781193,-1942293.1297908637,2713434.0929700066,-0.7158062673506524,0.026078910358271683
1.8482822979328728,76.64703913346708,6395638.682850739,0.4272591216441432,0.5004994144563343,95628089.87610094,0.1388337778208448,0,0,0,0,141.66536561935536,3201013.415841076,47861802.98856623,0.06688033496368222,0.2504996638711335
2.005960472858458,101.60825664909656,-31859874.670633387,0.1373638635291313,0.7356124355925989,36756171.12766002,-0.0385021811712863,1,1,0,0,203.82214655414532,-23436520.004139576,27038296.566276353,-0.8667898122461934,0.5411256553984755
1.5108029093414634,81.32214259868041,8809494.759207979,0.407501589262199,0.6656691818133585,18286028.74742279,0.0382988984740928,0,0,0,0,122.86172963196773,5864209.1685510455,12172445.794912482,0.48176095974089395,0.4431154596160662
1.0916690835847742,56.53150791983559,-392755.9785336243,0.5838421703397036,0.140180809171179,63914012.84353434,0.0141257140087463,0,1,0,0,61.71369944451232,-55056.850877661665,8959518.037783772,-0.0061450683670123555,0.019650659259886506
1.1873942724987732,170.97932871837742,11049799.088342955,0.3755439265581748,0.1583214682943228,66128390.04612395,-0.21305664798072,0,0,0,0,203.01987563588634,1749420.4160237263,10469543.808042025,0.16709614555315533,0.02506568732287026
2.115799831408004,138.63101397795813,4478282.681293229,0.131173946532561,0.4222986261061097,68365433.81068194,0.0768207216631737,0,0,0,0,293.3154760024845,1891172.6236249155,28870628.771399163,0.06550507225178329,0.1783361296111078
2.331411229481736,29.519805759129195,27282808.599476885,0.5717669196304198,0.3362323952383546,34066182.50717872,0.0215396505456287,1,0,0,1,68.82280663895342,9173364.084231691,11454154.141015636,0.8008766052294711,0.11305222360772109
2.437263418059791,156.98189578213473,2504490.0529581453,0.2208182692815846,0.2859074584448383,11359961.579302752,0.0508268639674589,0,0,0,0,382.60623188747155,716052.3857416417,3247897.743169461,0.22046641931617034,0.08174307479438693
2.4319689855452955,90.30045969366488,-8588110.822505059,0.2551725009328233,0.3248035991269709,96851383.25090247,0.3926237706436327,0,1,0,0,219.60791735547602,-2789449.304850933,31457677.86031875,-0.08867308379330796,0.105497378005834
0.5462564782314641,161.546639706466,2445950.0606456758,0.1988238120593775,0.7427861946375077,32580374.112199225,-0.2084112939498588,1,0,1,0,88.24589847618132,1816817.9378203826,24200252.10666683,0.07507433930078253,0.5517313309440695
1.63493482269697,144.97466979078015,10865960.580727758,0.2981290389228985,0.8433824429054831,70842365.92472927,0.1724696649761108,0,0,0,0,237.02413604994092,9164160.379088858,59747207.634802334,0.15338223729389489,0.7112939450012206
0.4554086520449396,79.41236328211585,977201.4065140866,0.554050903413181,0.4240821556220532,73596688.28908387,-0.0287447519400355,1,0,1,0,36.165077318011434,414413.67895139614,31211042.216279004,0.013277790471708342,0.17984567471704735
1.783727982274086,8.932128956020545,811833.8240776476,0.4116315157023624,0.8248888017059977,64900667.53715371,0.0287328904403009,1,0,0,1,15.932488360134464,669672.6303278084,53535833.87464207,0.012508867086966352,0.6804415351799568
1.492132353708118,52.018537892365565,-14039833.756135108,0.2229287644904275,0.3571965609983055,38161665.47922834,-0.0045512245301242,1,1,0,0,77.61854338179035,-5014980.334679383,13631215.671148114,-0.3679041147660887,0.12758938318901616
2.6968012934474093,99.78598756565172,-13258018.351018963,0.6266980468912244,0.4811495890750333,34398662.83876592,-0.0424236333398043,1,1,0,0,269.1029803349767,-6379090.081542024,16550902.489602841,-0.3854224919486611,0.2315049270670734
1.2474705338906125,115.85868846957575,-28052105.43599387,0.6277491129709175,0.2808231982527998,63790145.44324328,-0.0569832928238758,1,1,0,0,144.5302999610078,-7877681.966260549,17913752.66038284,-0.4397560977651788,0.07886166867693128
0.6160809443545359,50.1303449508104,34991534.86373879,0.6223470550276041,0.6123808337406752,87948607.02505223,0.0329508735573009,1,0,1,0,30.88435025811391,21428145.293722264,53858041.29633249,0.3978634346507776,0.3750102855329245
0.6860775415426568,29.387312962744225,-24877264.7078257,0.2432777268289235,0.8831848921398472,95206035.6031056,-0.1517173696671679,1,1,1,1,20.161975430024206,-21971224.34771547,84084532.28519127,-0.2612992395937365,0.7800155537040735
2.356078705637175,151.11279143987736,-13858103.955918146,0.3707436065085928,0.582794476834703,19531522.396338187,0.0750579167521765,1,1,0,0,356.03363006088665,-8076426.444910244,11382863.376759198,-0.7095250270156255,0.33964940222903517
1.969188770953905,177.2703816231216,-14368145.311383948,0.690993793684525,0.3862512672908391,23934575.133794785,-0.0416194404885253,1,1,0,0,349.0788449149646,-5549714.335140978,9244759.97749604,-0.6003091858144842,0.1491900414837792
0.5730312255315337,96.99578190297002,17898487.538888827,0.5632074857859942,0.6182539567924227,95026263.29047716,-0.1130069339040357,1,0,1,0,55.58161177524828,11065810.741517888,58750363.278536044,0.18835306071308483,0.3822379550894868
0.5270883765104931,35.04387502345311,-5898993.565840555,0.1163004527353359,0.19833654277231,76288170.55013132,-0.0450012857995813,1,1,1,0,18.47121919274852,-1169985.9896849168,15130732.001337402,-0.07732514128077228,0.03933738419887235
2.192616654939624,52.65378214088957,24954841.45347468,0.1391227547562952,0.810927264212319,89469444.23467958,0.1257149216862572,0,0,0,0,115.449559667677,20236561.308718394,72553211.64382535,0.2789202690028765,0.6576030278428762
0.4964601171833225,8.218368395806678,-13469812.48487737,0.3783588260873997,0.5024671606238691,28236937.07218089,-0.0535335087016223,1,1,1,1,4.080092136837898,-6768138.433412275,14188133.595373599,-0.4770281015410792,0.25247324750541306
2.5190221600839617,165.00229114808732,5579883.244476039,0.645532123516936,0.4594797936317136,62882728.39984617,0.035845361820962,0,0,0,0,415.6444278666577,2563843.601660907,28893343.06816041,0.08873475096366348,0.21112168075584212
2.20685401332254,25.6064395057747,-16706941.065195149,0.4232210787716285,0.5686918307628154,73102563.49757263,-0.0730956275715473,1,1,0,1,56.50967379021973,-9501100.90081229,41572830.66888954,-0.2285411108154901,0.32341039837636265
0.5196417077331293,105.89038321499436,42902982.55546776,0.3986875048205741,0.599827090231522,71210069.69022754,0.0757921849923619,1,0,1,0,55.02505956635516,25734371.188499976,42713728.89747309,0.6024847713546827,0.35979253817561446
0.5290618280300182,52.959663620261054,-23751968.380590256,0.1632842199739783,0.1574206449812104,46733652.17800283,0.0685507738790204,1,1,1,0,28.018936446790168,-3739050.182045833,7356841.668188753,-0.5082412196273872,0.02478125946630028
2.9639268619531736,101.98115044026385,6196414.20454055,0.4940680628345764,0.646093776978722,11385540.252217762,0.1848608833296411,0,0,0,0,302.26467120278573,4003464.6571362065,7356126.704498644,0.5442354132763761,0.4174371686506305
1.310531148541525,118.99856796157624,12675537.61864197,0.5932618963601353,0.2935453442524237,62463345.11238368,-0.0175563945499215,0,0,0,0,155.95132994548123,3720845.053848804,18335824.144172613,0.20292761452074362,0.08616886913227392
1.3007337970806057,150.20481564876027,8275981.949029964,0.3282520045045374,0.6711621060052718,32779138.52616479,0.0668654804757906,0,0,0,0,195.37648019860433,5554525.474172565,22000115.6462593,0.2524771034609087,0.4504585725374317
2.4945588315952567,41.12372255810556,-3705753.177554166,0.5653671105551965,0.7580278355073574,50522882.15286013,0.0098067539538944,0,1,0,0,102.58554529539532,-2809064.0601058966,38297751.00192586,-0.07334801617893015,0.5746061994039693
2.8575711589364183,6.924270015234084,-2596413.994668524,0.6786859923404869,0.7431668060420162,96182291.35754356,0.1295871781863014,1,1,0,1,19.786594292221153,-1929568.6955805994,71479486.26598826,-0.026994719693428135,0.5522969016026917
2.9622028723217517,28.954985262041276,876229.439582192,0.2222598754766134,0.5420007739263113,45913178.58781912,-0.071883238760873,1,0,0,1,85.77054051125266,474917.03439056606,24884978.32801491,0.01908448655773656,0.2937648389367204
2.3341211001991424,162.5032623234184,-2940040.032569772,0.4139977787168447,0.5161359138486009,85582144.59979841,0.0745005312877281,0,1,0,0,379.3022934402872,-1517460.2489618696,44172018.41214006,-0.03435342788286118,0.2663962815643304
1.315900880933473,157.93076357344015,19277582.335898194,0.2722827748507453,0.2143007690715294,26968654.5174326,-0.0194697296116681,0,0,0,0,207.82123091278592,4131200.720422713,5779403.4039101815,0.7148143902928906,0.04592481962464897
0.5254519350864056,109.54729287980396,44210460.03182703,0.5757126514203036,0.7202769203225085,70521444.8222526,-0.0064188177108497,1,0,1,0,57.56183702717022,31843773.997765724,50794969.09326582,0.626908029795168,0.5187988419492772
2.39829667300408,110.09045057588934,-11149835.700156672,0.4465560195286945,0.3171275043573714,97930625.89950491,0.0091752484448372,1,1,0,0,264.02956134567546,-3535919.5695854104,31056494.991665356,-0.11385443111124892,0.10056985401993462
1.8076914742866736,121.38141804559471,-27396059.59158156,0.4807494505301822,0.4973563382543572,19170379.07856431,0.0252240396426677,1,1,0,0,219.42015453784816,-13625603.881067166,9534509.541462682,-1.429082830303285,0.24736332720178258
1.445399424966836,35.68997375910368,-1765640.9670250963,0.5787484957695365,0.3274192743420133,10748794.80044728,-0.0116229043121958,0,1,0,0,51.58626754848993,-578104.8841718877,3519362.593613654,-0.16426408725856637,0.10720338121065057
2.747156839755787,165.02209053686795,51594186.75308637,0.3375822835974729,0.2070626903997545,49022451.33693529,0.0214713183170526,0,0,0,0,453.34156472915555,10683231.11808144,10150720.663816864,1.0524603594070672,0.042874957755584586
0.6002332022266086,78.28484185611279,-16073491.359394616,0.6490540410442259,0.6036461575133892,18336293.474623047,0.1578118057562184,1,1,1,0,46.98916131309822,-9702701.296923224,11068633.098994035,-0.8765943554317512,0.36438868348067954
1.63008778158532,72.04924244366205,32782336.10888135,0.4198173203476839,0.143465627858323,77354591.47086082,0.0985449685615218,0,0,0,0,117.44658977989197,4703138.432523237,11097725.033091126,0.42379302230857663,0.02058238637678283
0.3306548408720314,95.81059842449658,33554016.28152881,0.1947728937012088,0.69891618730096,92309379.7463703,0.0869154592496896,1,0,1,0,31.680238175906016,23451445.12812045,64516519.744449586,0.3634951981447821,0.48848383687131053
1.5653837333841412,13.219044185634631,-11071764.834159892,0.5175394709012815,0.3540694362088933,49061887.54378829,-0.045553952602387,1,1,0,1,20.692876739078663,-3920173.532668444,17371314.861973245,-0.22566936146266725,0.12536516565728356
0.4520188443409608,34.0995895323139,11379661.583705507,0.5759568102629526,0.1001077544035882,33284047.793989684,-0.0889240828228324,1,0,1,0,15.413657052897653,1139192.3670175385,3331991.282118011,0.34189536243126073,0.010021562491729133
0.6208083739237942,134.15588287461483,32567932.46257076,0.290057006240516,0.5089033113897838,49096298.71059488,0.0955300558237752,1,0,1,0,83.28509549970062,16573928.675321097,24985268.990803707,0.6633480184432451,0.2589825803434873
0.6173208662981832,19.48976688689713,-7582554.819749742,0.6143075541992518,0.1374815268220825,75110303.60650009,0.0876046792529794,1,1,1,1,12.03143977856898,-1042461.2138313351,10326279.219891801,-0.10095225895337138,0.018901170217330992
2.0528678157133715,110.55161915661792,-4071607.2020472353,0.6436859528594598,0.3209356462567195,10814874.542233389,0.1472670675750982,0,1,0,0,226.94786094162274,-1306723.888692543,3470878.7503970163,-0.3764821483732537,0.1029996890382182
2.314321174016643,47.93609419423117,-11633618.278972875,0.2661426924266853,0.6655811899645729,63050859.053622745,-0.0603980625969229,1,1,0,0,110.93951779336545,-7743117.497712374,41965465.797198795,-0.1845116538234452,0.4429983204346569
1.8750956657623312,73.1267324573459,-20295134.613857336,0.6901128836291331,0.1501516972974927,65196251.63986412,-0.0229548655360347,1,1,0,0,137.11961908213087,-3047348.909151773,9789327.841160038,-0.311292967055301,0.022545532201317876
2.8978658808812634,55.52140393487248,-12985550.901320145,0.184426916829255,0.7714707938848019,67391942.22063419,-0.1639484162525434,1,1,0,0,160.8935821214937,-10017973.262872957,51990915.16639136,-0.192686996003273,0.5951671858172465
1.312150564714001,67.2427253813661,-24478805.33524513,0.2212094010414939,0.1030559381268664,31781987.19827895,-0.0392471106060872,1,1,0,0,88.23258008206803,-2522686.248048629,3275322.5062546954,-0.7702100306858943,0.010620526383208517
1.071422632961024,130.83303340724297,681669.3651845214,0.2105349035428156,0.2974590953615218,74264745.10403141,0.0996570510579447,0,0,0,0,140.17747313146586,202768.7527034506,22090723.89589919,0.009178909376577359,0.08848191341329494
2.645217646111542,56.99630023405563,-15399464.621172836,0.6363938260047222,0.6927232449216572,18225233.76985988,-0.0466495379228198,1,1,0,0,150.76761914219537,-10667567.102435105,12625043.076513102,-0.8449529271136055,0.47986549405479023
0.903708764002522,104.120812051957,4675718.235814954,0.4925755313949771,0.3530161197834455,27934330.28201207,0.0640479795200823,1,0,1,0,94.09489036641295,1650603.9088080924,9861268.884905102,0.16738250706607485,0.12462038082695993
2.9007008564896504,88.30882038484245,-31117912.924072545,0.1912625699333637,0.1815139104528108,88972304.19890337,-0.0190503105997811,1,1,0,0,256.15747092590317,-5648334.059978467,16149710.857139988,-0.3497483088052483,0.032947299687871016
0.3328170816625041,121.14245393846342,6617604.6442891415,0.3641940510210094,0.3881871350403423,76485083.56539097,0.032405702822156,1,0,1,0,40.31827798523372,2568868.9876962653,29690525.46257029,0.08652150636184396,0.15068925181082896
2.918672832110625,168.94520438183264,16670579.232178492,0.4691788150418812,0.3163146291076204,11237099.861021072,-0.1147691389815667,0,0,0,0,493.0957781446318,5273148.086835739,3554459.074784173,1.4835303982662749,0.10005494458749147
0.4165317622665555,133.2001170117938,-39874712.85142911,0.1500784509936299,0.774169521728444,32353863.433282018,0.0085209449633901,1,1,1,0,55.48207947303387,-30869787.377249915,25047374.980211332,-1.2324559919607774,0.5993384483732477
2.706086406984792,42.61456625338244,7481131.396951443,0.6294498210444032,0.3506783340681145,29296583.46938481,-0.2991135970900723,0,0,0,0,115.31869847783106,2623470.695227598,10273677.084931327,0.25535849273241334,0.12297529398478811
1.7247929945330098,10.457048635724815,24553379.849465843,0.5821621212649211,0.7311459774208058,34372569.52332753,-0.0186896158161984,1,0,0,1,18.03624423038913,17952104.909022022,25131365.940597907,0.7143306476637504,0.5345744402986254
2.9810049495221107,50.89620775246939,-24192820.37382411,0.4031240641459829,0.8134977158485878,32280379.325189777,-0.163047324371514,1,1,0,0,151.72184722201686,-19680804.11404109,26260014.84776786,-0.7494589865288666,0.6617785336908697
0.4992507247855769,109.1386378725446,33451447.736754067,0.6802759691555023,0.4470539356612236,15627366.616856117,0.1205994516546816,1,0,1,0,54.48754405997851,14954601.364281636,6986275.750086348,2.1405684372101694,0.19985722139018944
1.7954065678835662,13.99951735974381,8380380.187320904,0.3506565875650598,0.8279545150835136,51304646.49371383,0.0777407352764511,1,0,0,1,25.13482541488404,6938573.614208763,42477913.709233925,0.16334544256820327,0.6855086790471762
2.917116846171567,91.86409326021636,-14100237.115168177,0.6904661914218987,0.4018544431705543,75946012.73075485,0.0466670981966081,1,1,0,0,267.97829400765306,-5666242.93448869,30519242.65694132,-0.18566132188080217,0.16148699349591625
1.712364179259402,109.4474985604556,-1115381.5531541202,0.5007519992821763,0.8712627331920866,64605855.22456928,0.152100622715938,0,1,0,0,187.41397604446914,-971790.3805530934,56288674.00317048,-0.017264403501463847,0.759098750249345
1.999376322965209,63.49268089296815,11166538.250434447,0.4808027639523649,0.1714316196204583,70558450.17382717,-0.0948916520824837,0,0,0,0,126.94576285898606,1914297.737825776,12095949.3912086,0.1582594036989852,0.029388800205693504
2.1785214602584664,139.90963565551883,1520107.82824823,0.199572937177471,0.6496154132025942,17303426.068261523,0.1747363197915558,0,0,0,0,304.7961437724909,987485.4749599721,11240572.27515425,0.0878501068084117,0.4220001850703772
1.527260874872988,23.654694298410064,10775119.848927384,0.6291566549827864,0.4950512323655429,95634163.91591084,0.0932191564260384,1,0,0,1,36.126889109042835,5334236.360097924,47343810.702819996,0.11267019449662075,0.24507572266664274
1.9944068162269717,18.149111803766534,-18413471.861587323,0.3564938127523691,0.4101190443645176,85464265.04587224,-0.0236555287218946,1,1,0,1,36.19671228989736,-7551715.483307129,35050522.70792897,-0.21545229285835482,0.1681976305504652
1.8776486421923708,132.43303233563057,3387216.48072156,0.1973400434694876,0.6061695029988807,82458128.66460964,0.1135620147182944,0,0,0,0,248.66270334641507,2053227.3306686059,49983602.870844185,0.04107801784465339,0.3674414663659101
2.73312662832567,91.71098033608472,-28274289.938099604,0.1075645119854554,0.6630856733074649,84068542.45375907,-0.1106293512411634,1,1,0,0,250.65772246640506,-18748276.580895256,55744646.076928034,-0.33632425533785776,0.4396826101456141
0.4227052269219362,125.4704193748538,-2224521.2269740063,0.4358534101830296,0.1034906157202472,93943945.73194852,-0.0824514161527673,1,1,1,0,53.037002093838076,-230217.0714622997,9722316.786988841,-0.0236792398875949,0.010710307542155878
1.058600611899022,81.09478425565558,-18078152.829295795,0.4164397732736058,0.2335624709977589,58982856.95023279,-0.06085897232397,1,1,0,0,85.84698823485618,-4222378.045885452,13776181.815803709,-0.30649842622152684,0.054551427858578964
2.8661110070067086,48.12035581684369,-14710598.85179533,0.5316121734214951,0.670436840507455,28025381.60808633,-0.0528977708064015,1,1,0,0,137.918281467735,-9862527.416170256,18789248.29934114,-0.5249027134585312,0.4494855571096186
2.703712216505474,148.34290559298495,24721863.504208747,0.6341548318106812,0.6331083308625651,65510524.706728704,-0.1056557642760252,0,0,0,0,401.0765260836716,15651617.738961766,41475258.95100784,0.3773723934418361,0.40082615860758325
1.530273232521425,144.89777881957136,21826202.41188538,0.1476439507858177,0.8728380041029418,76859334.43011451,0.1223083067095325,0,0,0,0,221.73319237939992,19050738.95033685,67085748.06066166,0.28397594870836645,0.761846181406407
1.9743580140641488,126.57188239952468,12182762.41814354,0.5388978942042174,0.7088302322006265,76412565.4018623,-0.0258854400369831,0,0,0,0,249.89821037068654,8635510.313697752,54163536.476847604,0.15943401918353375,0.5024402980815941
1.0489291940490584,52.625399015243474,-21846255.29345158,0.2124471664585493,0.8606181661850705,56930412.17501921,0.0352504968356879,1,1,0,0,55.20031737556945,-18801284.16866119,48995346.926225245,-0.38373611675760205,0.7406636279677535
0.8079271312541556,108.29036670209024,-6328168.993896038,0.6149062318942984,0.6620324012278456,16161284.740022026,-0.057035136641368,1,1,1,0,87.4907253120803,-4189452.914404594,10699294.14336372,-0.39156348617662023,0.4382869002755071
1.551985693337952,68.17043196450469,24261953.99958367,0.5914381083169936,0.3384417669115545,43400164.45871151,-0.1820603300548517,0,0,0,0,105.7995351175795,8211258.580345953,14688428.343658373,0.5590290797783758,0.11454282959021497
1.2540510156703426,21.026862832160976,2834338.272798095,0.4244762529913266,0.1842919378006852,92868994.76170217,0.0270057358391422,1,0,0,1,26.368758691032447,522345.69267660804,17115007.006235775,0.03051974752252767,0.033963518338331625
1.8758715019973544,165.5298757058925,46386590.79963388,0.5261456791739869,0.7254590906759485,62600401.87816834,-0.1912254975419777,0,0,0,0,310.51277656584796,33651573.981059715,45414030.62248494,0.7409950960045041,0.5262908922443741
0.5098835198054591,28.943260410818247,7866356.787887437,0.288610067910249,0.6153193771807327,58449874.89301421,-0.0068634046085468,1,0,1,1,14.757691492914006,4840321.759404327,35965340.615461245,0.13458295338160947,0.3786179359340848
2.9308659806986497,171.29153691864042,3840982.329800632,0.3827007393596887,0.138548809914637,34196816.294397414,-0.136831503883281,0,0,0,0,502.03253833643,532163.5306970273,4737928.200458229,0.11231988079632763,0.019195772728762217
2.962769010094928,83.05101026764225,-6182329.284050028,0.592982138626283,0.3880403727207827,43160402.79249211,0.1987275999230808,0,1,0,0,246.06095947804616,-2398993.359665382,16747978.786377747,-0.1432407689467964,0.15057533086128394
